<?xml version="1.0" encoding="UTF-8" standalone="yes"?>
<window>
    <backgroundcolor>0x00000000</backgroundcolor>
    <onload>SetProperty(plugin.video.pseudotv.live.Running.OVERLAY_BACKGROUND,true,10000)</onload>
    <onunload>SetProperty(plugin.video.pseudotv.live.Running.OVERLAY_BACKGROUND,false,10000)</onunload>
    <controls>
        <control type="group" id="40000">
            <animation type="WindowOpen" reversible="false">
                <effect type="zoom" start="80" end="100" center="960,540" delay="160" tween="back" time="240"/>
                <effect type="fade" delay="160" end="100" time="240"/>
            </animation>
            <animation type="WindowClose" reversible="false">
                <effect type="zoom" start="100" end="80" center="960,540" easing="in" tween="back" time="240"/>
                <effect type="fade" start="100" end="0" time="240"/>
            </animation>
            <animation type="Visible" reversible="false">
                <effect type="zoom" start="80" end="100" center="50%,50%" delay="160" tween="back" time="240"/>
                <effect type="fade" delay="160" end="100" time="240"/>
            </animation>
            <posx>0</posx>
            <posy>0</posy>
            <description>Background !Playing</description>
            <control type="group">
                <description>Background Dynamic</description>
                <control type="image" id="40001">
                    <description>Hide Background</description>
                    <width>auto</width>
                    <height>auto</height>
                    <colordiffuse>black</colordiffuse>
                    <texture>colors/white.png</texture>
                    <aspectratio scalediffuse="true" align="center" aligny="center">scale</aspectratio>
                </control>
                <control type="image">
                    <width>auto</width>
                    <height>auto</height>
                    <texture>backgrounds/background.gif</texture>
                    <visible>Control.IsVisible(40001)</visible>
                    <aspectratio scalediffuse="false" align="center" aligny="center">scale</aspectratio>
                </control>
                <control type="grouplist">
                    <posx>704</posx>
                    <posy>284</posy>
                    <itemgap>5</itemgap>
                    <orientation>vertical</orientation>
                    <visible>Control.IsVisible(40001)</visible>
                    <control type="image" id="40002">
                        <description>Background Logo</description>
                        <height>512</height>
                        <width>512</width>
                        <aspectratio scalediffuse="true" align="center" aligny="center">keep</aspectratio>
                        <animation effect="fade" start="95" end="95" condition="True">Conditional</animation>
                        <texture/>
                    </control>
                </control>
                <control type="textbox" id="40003">
                    <posx>128</posx>
                    <posy>952</posy>
                    <height>36</height>
                    <width>1418</width>
                    <font>font27</font>
                    <scroll>true</scroll>
                    <textcolor>white</textcolor>
                    <shadowcolor>text_shadow</shadowcolor>
                    <scrolltime>600</scrolltime>
                    <autoscroll delay="5000" time="1000">false</autoscroll>
                    <animation effect="fade" start="75" end="75" condition="True">Conditional</animation>
                    <label/>
                    <visible>Control.IsVisible(40001)</visible>
                </control>
                <control type="grouplist">
                    <posx>1440</posx>
                    <posy>850</posy>
                    <width>480</width>
                    <itemgap>1</itemgap>
                    <orientation>vertical</orientation>
                    <visible>Control.IsVisible(40001)</visible>
                    <control type="label">
                        <description>Time</description>
                        <align>center</align>
                        <aligny>center</aligny>
                        <font>font_clock</font>
                        <shadowcolor>text_shadow</shadowcolor>
                        <height>60</height>
                        <label>[B]$INFO[System.Time][/B]</label>
                        <animation effect="fade" start="75" end="75" condition="True">Conditional</animation>
                    </control>
                    <control type="image">
                        <height>90</height>
                        <texture>splashtext.png</texture>
                        <aspectratio scalediffuse="true" align="center" aligny="center">keep</aspectratio>
                        <animation effect="fade" start="75" end="75" condition="True">Conditional</animation>
                    </control>
                </control>
            </control>
        </control>
    </controls>
</window>