{
    "iptv": {
        "type": "iptv",
        "name": "",
        "description": "",
        "icon": "",
        "m3u": {
            "path": "",
            "slug": "",
            "provider": ""
        },
        "xmltv": {
            "path": ""
        },
        "id": ""
    },
    "vod": [
        {
            "type": "vod",
            "name": "",
            "description": "",
            "icon": "",
            "path": "",
            "id": ""
        }
    ],
    "live": [
        {
            "type": "live",
            "name": "",
            "description": "",
            "icon": "",
            "path": "",
            "id": ""
        }
    ]
}