{"":{},
            
            "newyear"  :{"episodes": [{"sort":{"method":"episode","order":"ascending"},"filter":{"and":[{"or" :[{"field":"tvshow"  ,"operator":"contains","value":["Twilight Zone","Anthology","Anthologies","Outer Limits"]},
                                                                                                                {"field":"plot"    ,"operator":"contains","value":["Twilight Zone","Anthology","Anthologies","Outer Limits"]}]}]}}],
                         "movies"  : [{"sort":{"method":"year"   ,"order":"ascending"},"filter":{"and":[{"or" :[{"field":"title"   ,"operator":"contains","value":["Twilight Zone","Anthology","Anthologies","Outer Limits"]},
                                                                                                                {"field":"plot"    ,"operator":"contains","value":["Twilight Zone","Anthology","Anthologies","Outer Limits"]}]}]}}]},
            
            "heros"    :{"episodes": [{"sort":{"method":"episode","order":"ascending"},"filter":{"and":[{"or" :[{"field":"genre"   ,"operator":"contains","value":["Sci-Fi","Science Fiction"]}]}]}}],
                         "movies"  : [{"sort":{"method":"year"   ,"order":"ascending"},"filter":{"and":[{"or" :[{"field":"genre"   ,"operator":"contains","value":["Sci-Fi","Science Fiction"]}]}]}}]},
                         
            "lotr"     :{"episodes": [{"sort":{"method":"episode","order":"ascending"},"filter":{"and":[{"or" :[{"field":"tvshow"  ,"operator":"contains","value":["Lord of the rings","LOTR","Hobbit","J.R.R. Tolkien"]},
                                                                                                                {"field":"plot"    ,"operator":"contains","value":["Lord of the rings","LOTR","Hobbit","J.R.R. Tolkien"]}]}]}}],
                         "movies"  : [{"sort":{"method":"year"   ,"order":"ascending"},"filter":{"and":[{"or" :[{"field":"title"   ,"operator":"contains","value":["Lord of the rings","LOTR","Hobbit","J.R.R. Tolkien"]},
                                                                                                                {"field":"plot"    ,"operator":"contains","value":["Lord of the rings","LOTR","Hobbit","J.R.R. Tolkien"]}]}]}}]},
                         
            "lego"     :{"episodes": [{"sort":{"method":"episode","order":"ascending"},"filter":{"and":[{"or" :[{"field":"tvshow"  ,"operator":"contains","value":["LEGO"]},
                                                                                                                {"field":"plot"    ,"operator":"contains","value":["LEGO"]}]}]}}],
                         "movies"  : [{"sort":{"method":"year"   ,"order":"ascending"},"filter":{"and":[{"or" :[{"field":"title"   ,"operator":"contains","value":["LEGO"]},
                                                                                                                {"field":"plot"    ,"operator":"contains","value":["LEGO"]}]}]}}]},
                         
            "gijoe"    :{"episodes": [{"sort":{"method":"episode","order":"ascending"},"filter":{"and":[{"or" :[{"field":"tvshow"  ,"operator":"contains","value":["G.I. Joe"]},
                                                                                                                {"field":"plot"    ,"operator":"contains","value":["G.I. Joe"]}]}]}}],
                         "movies"  : [{"sort":{"method":"year"   ,"order":"ascending"},"filter":{"and":[{"or" :[{"field":"title"   ,"operator":"contains","value":["G.I. Joe"]},
                                                                                                                {"field":"plot"    ,"operator":"contains","value":["G.I. Joe"]}]}]}}]},
            
            "romance"  :{"episodes": [{"sort":{"method":"episode","order":"ascending"},"filter":{"and":[{"or" :[{"field":"genre"   ,"operator":"contains","value":["Romance","Romcom"]}]}]}}],
                         "movies"  : [{"sort":{"method":"year"   ,"order":"ascending"},"filter":{"and":[{"or" :[{"field":"genre"   ,"operator":"contains","value":["Romance","Romcom"]}]}]}}]},
                         
            "pokemon"  :{"episodes": [{"sort":{"method":"episode","order":"ascending"},"filter":{"and":[{"or" :[{"field":"tvshow"  ,"operator":"contains","value":["Pokemon","Pokémon"]},
                                                                                                                {"field":"plot"    ,"operator":"contains","value":["Pokemon","Pokémon"]}]}]}}],
                         "movies"  : [{"sort":{"method":"year"   ,"order":"ascending"},"filter":{"and":[{"or" :[{"field":"title"   ,"operator":"contains","value":["Pokemon","Pokémon"]},
                                                                                                                {"field":"plot"    ,"operator":"contains","value":["Pokemon","Pokémon"]}]}]}}]},
                         
            "superman" :{"episodes": [{"sort":{"method":"episode","order":"ascending"},"filter":{"and":[{"or" :[{"field":"tvshow"  ,"operator":"contains","value":["Superman","Krypton"]},
                                                                                                                {"field":"plot"    ,"operator":"contains","value":["Superman","Krypton"]}]}]}}],
                         "movies"  : [{"sort":{"method":"year"   ,"order":"ascending"},"filter":{"and":[{"or" :[{"field":"title"   ,"operator":"contains","value":["Superman","Krypton"]},
                                                                                                                {"field":"plot"    ,"operator":"contains","value":["Superman","Krypton"]}]}]}}]},
                                     
            "pixar"    :{"episodes": [{"sort":{"method":"episode","order":"ascending"},"filter":{"and":[{"or" :[{"field":"tvshow"  ,"operator":"contains","value":["Pixar"]},
                                                                                                                {"field":"plot"    ,"operator":"contains","value":["Pixar"]},
                                                                                                                {"field":"studio"  ,"operator":"contains","value":["Pixar"]}]}]}}],
                         "movies"  : [{"sort":{"method":"year"   ,"order":"ascending"},"filter":{"and":[{"or" :[{"field":"title"   ,"operator":"contains","value":["Pixar"]},
                                                                                                                {"field":"plot"    ,"operator":"contains","value":["Pixar"]},
                                                                                                                {"field":"studio"  ,"operator":"contains","value":["Pixar"]}]}]}}]},
            
            "seuss"    :{"episodes": [{"sort":{"method":"episode","order":"ascending"},"filter":{"and":[{"or" :[{"field":"tvshow"  ,"operator":"contains","value":["Dr. Seuss","Lorax","Grinch"]},
                                                                                                                {"field":"plot"    ,"operator":"contains","value":["Dr. Seuss","Lorax","Grinch"]}]}]}}],
                         "movies"  : [{"sort":{"method":"year"   ,"order":"ascending"},"filter":{"and":[{"or" :[{"field":"title"   ,"operator":"contains","value":["Dr. Seuss","Lorax","Grinch"]},
                                                                                                                {"field":"plot"    ,"operator":"contains","value":["Dr. Seuss","Lorax","Grinch"]}]}]}}]},
                                                                                                                
            "hitchcock":{"episodes": [{"sort":{"method":"episode","order":"ascending"},"filter":{"and":[{"or" :[{"field":"tvshow"  ,"operator":"contains","value":["Alfred Hitchcock"]},
                                                                                                                {"field":"plot"    ,"operator":"contains","value":["Alfred Hitchcock"]}]}]}}],
                         "movies"  : [{"sort":{"method":"random", "order":"ascending"},"filter":{"and":[{"or" :[{"field":"director","operator":"contains","value":["Alfred Hitchcock"]},
                                                                                                                {"field":"writers" ,"operator":"contains","value":["Alfred Hitchcock"]},
                                                                                                                {"field":"plot"    ,"operator":"contains","value":["Alfred Hitchcock"]}]}]}}]},
                                                                                                                
            "patrick"  :{"episodes": [{"sort":{"method":"episode","order":"ascending"},"filter":{"and":[{"or" :[{"field":"tvshow"  ,"operator":"contains","value":["It's Always Sunny"]}]}]}},
                                      {"sort":{"method":"random" ,"order":"ascending"},"filter":{"and":[{"or" :[{"field":"plot"    ,"operator":"contains","value":["St. Patrick","Leprechaun","Irish","Luck","Lucky","Gold","Shamrock"]}]}]}}],
                         "movies"  : [{"sort":{"method":"random" ,"order":"ascending"},"filter":{"and":[{"or" :[{"field":"plot"    ,"operator":"contains","value":["St. Patrick","Leprechaun","Irish","Luck","Lucky","Gold","Shamrock"]}]}]}}]},
            
            "lotr"     :{"episodes": [{"sort":{"method":"episode","order":"ascending"},"filter":{"and":[{"or" :[{"field":"tvshow"  ,"operator":"contains","value":["Tolkien","Hobbit","Lord of the Rings"]},
                                                                                                                {"field":"plot"    ,"operator":"contains","value":["Tolkien","Hobbit","Lord of the Rings"]}]}]}}],
                         "movies"  : [{"sort":{"method":"year"   ,"order":"ascending"},"filter":{"and":[{"or" :[{"field":"title"   ,"operator":"contains","value":["Tolkien","Hobbit","Lord of the Rings"]},
                                                                                                                {"field":"plot"    ,"operator":"contains","value":["Tolkien","Hobbit","Lord of the Rings"]}]}]}}]},
            
            "quentin"  :{"episodes": [{"sort":{"method":"episode","order":"ascending"},"filter":{"and":[{"or" :[{"field":"director","operator":"contains","value":["Quentin Tarantino"]},
                                                                                                                {"field":"writers" ,"operator":"contains","value":["Quentin Tarantino"]},
                                                                                                                {"field":"plot"    ,"operator":"contains","value":["Quentin Tarantino"]}]}]}}],
                         "movies"  : [{"sort":{"method":"random" ,"order":"ascending"},"filter":{"and":[{"or" :[{"field":"director","operator":"contains","value":["Quentin Tarantino"]},
                                                                                                                {"field":"writers" ,"operator":"contains","value":["Quentin Tarantino"]},
                                                                                                                {"field":"plot"    ,"operator":"contains","value":["Quentin Tarantino"]}]}]}}]},
                                                                                                                
            "startrek" :{"episodes": [{"sort":{"method":"episode","order":"ascending"},"filter":{"and":[{"or" :[{"field":"tvshow"  ,"operator":"contains","value":["Star Trek"]},
                                                                                                                {"field":"plot"    ,"operator":"contains","value":["Star Trek"]}]}]}}],
                         "movies"  : [{"sort":{"method":"year"   ,"order":"ascending"},"filter":{"and":[{"or" :[{"field":"title"   ,"operator":"contains","value":["Star Trek"]},
                                                                                                                {"field":"plot"    ,"operator":"contains","value":["Star Trek"]}]}]}}]},
                                                                                                                
            "othello"  :{"episodes": [{"sort":{"method":"episode","order":"ascending"},"filter":{"and":[{"or" :[{"field":"tvshow"  ,"operator":"contains","value":["William Shakespeare","Shakespeare"]},
                                                                                                                {"field":"writers" ,"operator":"contains","value":["William Shakespeare","Shakespeare"]},
                                                                                                                {"field":"plot"    ,"operator":"contains","value":["William Shakespeare","Shakespeare"]}]}]}}],
                         "movies"  : [{"sort":{"method":"random" ,"order":"ascending"},"filter":{"and":[{"or" :[{"field":"title"   ,"operator":"contains","value":["William Shakespeare","Shakespeare"]},
                                                                                                                {"field":"writers" ,"operator":"contains","value":["William Shakespeare","Shakespeare"]},
                                                                                                                {"field":"plot"    ,"operator":"contains","value":["William Shakespeare","Shakespeare"]}]}]}}]},
                                                                                                                
            "super"    :{"episodes": [{"sort":{"method":"episode","order":"ascending"},"filter":{"and":[{"or" :[{"field":"studio"  ,"operator":"contains","value":["Marvel","DC"]},
                                                                                                                {"field":"plot"    ,"operator":"contains","value":["Superhero"]}]}]}}],
                         "movies"  : [{"sort":{"method":"year"   ,"order":"ascending"},"filter":{"and":[{"or" :[{"field":"studio"  ,"operator":"contains","value":["Marvel","DC"]},
                                                                                                                {"field":"plot"    ,"operator":"contains","value":["Superhero"]}]}]}}]},
                                                                                                                
            "aliens"   :{"movies"  : [{"sort":{"method":"year"   ,"order":"ascending"},"filter":{"and":[{"or" :[{"field":"title"   ,"operator":"is"      ,"value":["TED 2023","Prometheus","Alien: Covenant","Alien","Alien: Isolation","Alien: Out of the Shadows","Alien: Romulus","Aliens","Aliens: Colonial Marines","Fire and Stone","Alien3","Alien³","Aliens: Dark Descent","Aliens: Fireteam Elite","Aliens: Phalanx","Alien Resurrection"]},
                                                                                                                {"field":"title"   ,"operator":"is"      ,"value":["Predator","Predator 2","Predators","The Predator","Prey","Badlands","Alien vs. Predator","Aliens vs. Predator: Requiem"]}]}]}}]},
                                                                                                                
            "starwars" :{"episodes": [{"sort":{"method":"episode","order":"ascending"},"filter":{"and":[{"or" :[{"field":"tvshow"  ,"operator":"contains","value":["Star Wars"]},
                                                                                                                {"field":"plot"    ,"operator":"contains","value":["Star Wars"]}]}]}}],
                         "movies"  : [{"sort":{"method":"year"   ,"order":"ascending"},"filter":{"and":[{"or" :[{"field":"title"   ,"operator":"contains","value":["Star Wars"]},
                                                                                                                {"field":"plot"    ,"operator":"contains","value":["Star Wars"]}]}]}}]},
            
            "twilight" :{"episodes": [{"sort":{"method":"episode","order":"ascending"},"filter":{"and":[{"or" :[{"field":"tvshow"  ,"operator":"contains","value":["Twilight Zone", "Rod Serling"]},
                                                                                                                {"field":"plot"    ,"operator":"contains","value":["Twilight Zone", "Rod Serling"]}]}]}}],
                         "movies"  : [{"sort":{"method":"year"   ,"order":"ascending"},"filter":{"and":[{"or" :[{"field":"title"   ,"operator":"contains","value":["Twilight Zone", "Rod Serling"]},
                                                                                                                {"field":"plot"    ,"operator":"contains","value":["Twilight Zone", "Rod Serling"]}]}]}}]},
            
            "watson"   :{"episodes": [{"sort":{"method":"episode","order":"ascending"},"filter":{"and":[{"or" :[{"field":"tvshow"  ,"operator":"contains","value":["Enola Holmes", "Sherlock", "Sher-lock", "Sherlock Holmes", "Arthur Conan Doyle"]},
                                                                                                                {"field":"plot"    ,"operator":"contains","value":["Enola Holmes", "Sherlock", "Sher-lock", "Sherlock Holmes", "Arthur Conan Doyle"]}]}]}}],
                         "movies"  : [{"sort":{"method":"year"   ,"order":"ascending"},"filter":{"and":[{"or" :[{"field":"title"   ,"operator":"contains","value":["Enola Holmes", "Sherlock", "Sher-lock", "Sherlock Holmes", "Arthur Conan Doyle"]},
                                                                                                                {"field":"plot"    ,"operator":"contains","value":["Enola Holmes", "Sherlock", "Sher-lock", "Sherlock Holmes", "Arthur Conan Doyle"]}]}]}}]},
            
            "vampire"  :{"episodes": [{"sort":{"method":"episode","order":"ascending"},"filter":{"and":[{"or" :[{"field":"tvshow"  ,"operator":"contains","value":["Vampire", "Dracula" ,"Nosferatu"]},
                                                                                                                {"field":"plot"    ,"operator":"contains","value":["Vampire", "Dracula" ,"Nosferatu", "Vamp", "Bloodsucker", "Vampirism"]}]}]}}],
                         "movies"  : [{"sort":{"method":"year"   ,"order":"ascending"},"filter":{"and":[{"or" :[{"field":"title"   ,"operator":"contains","value":["Vampire", "Dracula" ,"Nosferatu"]},
                                                                                                                {"field":"plot"    ,"operator":"contains","value":["Vampire", "Dracula" ,"Nosferatu", "Vamp", "Bloodsucker", "Vampirism"]}]}]}}]},
            
            "ghosts"   :{"episodes": [{"sort":{"method":"episode","order":"ascending"},"filter":{"and":[{"or" :[{"field":"tvshow"  ,"operator":"contains","value":["Ghostbusters"]},
                                                                                                                {"field":"plot"    ,"operator":"contains","value":["Ghostbusters"]}]}]}}],
                         "movies"  : [{"sort":{"method":"year"   ,"order":"ascending"},"filter":{"and":[{"or" :[{"field":"title"   ,"operator":"contains","value":["Ghostbusters"]},
                                                                                                                {"field":"plot"    ,"operator":"contains","value":["Ghostbusters"]}]}]}}]},
            
            "jurassic" :{"episodes": [{"sort":{"method":"episode","order":"ascending"},"filter":{"and":[{"or" :[{"field":"tvshow"  ,"operator":"contains","value":["Jurassic Park"]},
                                                                                                                {"field":"plot"    ,"operator":"contains","value":["Jurassic Park"]}]}]}}],
                         "movies"  : [{"sort":{"method":"year"   ,"order":"ascending"},"filter":{"and":[{"or" :[{"field":"title"   ,"operator":"contains","value":["Jurassic Park"]},
                                                                                                                {"field":"plot"    ,"operator":"contains","value":["Jurassic Park"]}]}]}}]},
                                                                                                                
            "superman" :{"episodes": [{"sort":{"method":"episode","order":"ascending"},"filter":{"and":[{"or" :[{"field":"tvshow"  ,"operator":"contains","value":["Superman"]},
                                                                                                                {"field":"plot"    ,"operator":"contains","value":["Superman"]}]}]}}],
                         "movies"  : [{"sort":{"method":"year"   ,"order":"ascending"},"filter":{"and":[{"or" :[{"field":"title"   ,"operator":"contains","value":["Superman"]},
                                                                                                                {"field":"plot"    ,"operator":"contains","value":["Superman"]}]}]}}]},
            
            "disney"   :{"episodes": [{"sort":{"method":"episode","order":"ascending"},"filter":{"and":[{"or" :[{"field":"tvshow"  ,"operator":"contains","value":["Disney","Walt Disney"]},
                                                                                                                {"field":"plot"    ,"operator":"contains","value":["Disney","Walt Disney"]},
                                                                                                                {"field":"studio"  ,"operator":"contains","value":["Disney","Walt Disney"]}]}]}}],
                         "movies"  : [{"sort":{"method":"year"   ,"order":"ascending"},"filter":{"and":[{"or" :[{"field":"title"   ,"operator":"contains","value":["Disney","Walt Disney"]},
                                                                                                                {"field":"plot"    ,"operator":"contains","value":["Disney","Walt Disney"]},
                                                                                                                {"field":"studio"  ,"operator":"contains","value":["Disney","Walt Disney"]}]}]}}]},
            
            "potter"   :{"episodes": [{"sort":{"method":"episode","order":"ascending"},"filter":{"and":[{"or" :[{"field":"tvshow"  ,"operator":"contains","value":["Harry Potter"]},
                                                                                                                {"field":"plot"    ,"operator":"contains","value":["Harry Potter"]}]}]}}],
                         "movies"  : [{"sort":{"method":"year"   ,"order":"ascending"},"filter":{"and":[{"or" :[{"field":"title"   ,"operator":"contains","value":["Harry Potter","Fantastic beasts"]},
                                                                                                                {"field":"plot"    ,"operator":"contains","value":["Harry Potter","Fantastic beasts"]}]}]}}]},
            
            "spider"   :{"episodes": [{"sort":{"method":"episode","order":"ascending"},"filter":{"and":[{"or" :[{"field":"tvshow"  ,"operator":"contains","value":["Spider Man","Spider-Man","Spiderman"]},
                                                                                                                {"field":"plot"    ,"operator":"contains","value":["Spider Man","Spider-Man","Spiderman"]}]}]}}],
                         "movies"  : [{"sort":{"method":"year"   ,"order":"ascending"},"filter":{"and":[{"or" :[{"field":"title"   ,"operator":"contains","value":["Spider Man","Spider-Man","Spiderman"]},
                                                                                                                {"field":"plot"    ,"operator":"contains","value":["Spider Man","Spider-Man","Spiderman"]}]}]}}]},
            
            "sponge"   :{"episodes": [{"sort":{"method":"episode","order":"ascending"},"filter":{"and":[{"or" :[{"field":"tvshow"  ,"operator":"contains","value":["SpongeBob"]},
                                                                                                                {"field":"plot"    ,"operator":"contains","value":["SpongeBob"]}]}]}}],
                         "movies"  : [{"sort":{"method":"year"   ,"order":"ascending"},"filter":{"and":[{"or" :[{"field":"title"   ,"operator":"contains","value":["SpongeBob"]},
                                                                                                                {"field":"plot"    ,"operator":"contains","value":["SpongeBob"]}]}]}}]},
            
            "ranger"   :{"episodes": [{"sort":{"method":"episode","order":"ascending"},"filter":{"and":[{"or" :[{"field":"tvshow"  ,"operator":"contains","value":["Power Rangers"]},
                                                                                                                {"field":"plot"    ,"operator":"contains","value":["Power Rangers"]}]}]}}],
                         "movies"  : [{"sort":{"method":"year"   ,"order":"ascending"},"filter":{"and":[{"or" :[{"field":"title"   ,"operator":"contains","value":["Power Rangers"]},
                                                                                                                {"field":"plot"    ,"operator":"contains","value":["Power Rangers"]}]}]}}]},
            
            "batman"   :{"episodes": [{"sort":{"method":"episode","order":"ascending"},"filter":{"and":[{"or" :[{"field":"tvshow"  ,"operator":"contains","value":["Batman"]},
                                                                                                                {"field":"plot"    ,"operator":"contains","value":["Batman"]}]}]}}],
                         "movies"  : [{"sort":{"method":"year"   ,"order":"ascending"},"filter":{"and":[{"or" :[{"field":"title"   ,"operator":"contains","value":["Batman","Joker"]},
                                                                                                                {"field":"plot"    ,"operator":"contains","value":["Batman"]}]}]}}]},
                                                                                                                
            "wonka"    :{"episodes": [{"sort":{"method":"episode","order":"ascending"},"filter":{"and":[{"or" :[{"field":"tvshow"  ,"operator":"contains","value":["Willy Wonka","Wonka"]},
                                                                                                                {"field":"plot"    ,"operator":"contains","value":["Willy Wonka","Wonka"]}]}]}}],
                         "movies"  : [{"sort":{"method":"year"   ,"order":"ascending"},"filter":{"and":[{"or" :[{"field":"title"   ,"operator":"contains","value":["Willy Wonka","Wonka"]},
                                                                                                                {"field":"plot"    ,"operator":"contains","value":["Willy Wonka","Wonka"]}]}]}}]},
            
            "future"   :{"episodes": [{"sort":{"method":"episode","order":"ascending"},"filter":{"and":[{"or" :[{"field":"tvshow"  ,"operator":"contains","value":["Back to the future","Delorean"]},
                                                                                                                {"field":"plot"    ,"operator":"contains","value":["Back to the future","Delorean"]}]}]}}],
                         "movies"  : [{"sort":{"method":"year"   ,"order":"ascending"},"filter":{"and":[{"or" :[{"field":"title"   ,"operator":"contains","value":["Back to the future","Delorean"]},
                                                                                                                {"field":"plot"    ,"operator":"contains","value":["Back to the future","Delorean"]}]}]}}]},
            
            "horror"   :{"episodes": [{"sort":{"method":"episode","order":"ascending"},"filter":{"and":[{"or" :[{"field":"genre"   ,"operator":"contains","value":["Horror"]}]}]}}],
                         "movies"  : [{"sort":{"method":"year"   ,"order":"ascending"},"filter":{"and":[{"or" :[{"field":"genre"   ,"operator":"contains","value":["Horror"]}]}]}}]},
            
            "heros"    :{"episodes": [{"sort":{"method":"episode","order":"ascending"},"filter":{"and":[{"or" :[{"field":"tvshow"  ,"operator":"contains","value":["Veterans","WWI","WWII","Korean War","Vietnam War","World War I","World War II"]},
                                                                                                                {"field":"plot"    ,"operator":"contains","value":["Veterans","WWI","WWII","Korean War","Vietnam War","World War I","World War II"]},
                                                                                                                {"field":"genre"   ,"operator":"contains","value":["War"]}]}]}}],
                         "movies"  : [{"sort":{"method":"year"   ,"order":"ascending"},"filter":{"and":[{"or" :[{"field":"title"   ,"operator":"contains","value":["Veterans","WWI","WWII","Korean War","Vietnam War","World War I","World War II"]},
                                                                                                                {"field":"plot"    ,"operator":"contains","value":["Veterans","WWI","WWII","Korean War","Vietnam War","World War I","World War II"]},
                                                                                                                {"field":"genre"   ,"operator":"contains","value":["War"]}]}]}}]},
            
            "tardis"   :{"episodes": [{"sort":{"method":"episode","order":"ascending"},"filter":{"and":[{"or" :[{"field":"tvshow"  ,"operator":"is"      ,"value":["Dr. Who","Doctor Who","Tardis"]},
                                                                                                                {"field":"plot"    ,"operator":"is"      ,"value":["Dr. Who","Doctor Who","Tardis"]}]}]}}],
                         "movies"  : [{"sort":{"method":"year"   ,"order":"ascending"},"filter":{"and":[{"or" :[{"field":"title"   ,"operator":"is"      ,"value":["Dr. Who","Doctor Who","Tardis"]},
                                                                                                                {"field":"plot"    ,"operator":"is"      ,"value":["Dr. Who","Doctor Who","Tardis"]}]}]}}]},
            
            "turkey"   :{"episodes": [{"sort":{"method":"episode","order":"ascending"},"filter":{"and":[{"or" :[{"field":"tvshow"  ,"operator":"contains","value":["Thanksgiving","Turkey"]},
                                                                                                                {"field":"plot"    ,"operator":"contains","value":["Thanksgiving","Turkey"]}]}]}}],
                         "movies"  : [{"sort":{"method":"year"   ,"order":"ascending"},"filter":{"and":[{"or" :[{"field":"title"   ,"operator":"contains","value":["Thanksgiving","Turkey"]},
                                                                                                                {"field":"plot"    ,"operator":"contains","value":["Thanksgiving","Turkey"]}]}]}}]},
            
            "marvel"   :{"episodes": [{"sort":{"method":"episode","order":"ascending"},"filter":{"and":[{"or" :[{"field":"tvshow"  ,"operator":"contains","value":["Marvel"]},
                                                                                                                {"field":"plot"    ,"operator":"contains","value":["Marvel"]},
                                                                                                                {"field":"studio"  ,"operator":"contains","value":["Marvel"]}]}]}}],
                         "movies"  : [{"sort":{"method":"year"   ,"order":"ascending"},"filter":{"and":[{"or" :[{"field":"title"   ,"operator":"contains","value":["Marvel"]},
                                                                                                                {"field":"plot"    ,"operator":"contains","value":["Marvel"]},
                                                                                                                {"field":"studio"  ,"operator":"contains","value":["Marvel"]}]}]}}]},
            
            "xmas"     :{"episodes": [{"sort":{"method":"episode","order":"ascending"},"filter":{"and":[{"or" :[{"field":"tvshow"  ,"operator":"contains","value":["Christmas","X-Mas","Christmastime","Hanukkah","Kwanzaa"]},
                                                                                                                {"field":"plot"    ,"operator":"contains","value":["Christmas","X-Mas","Christmastime","Hanukkah","Kwanzaa"]}]}]}}],
                         "movies"  : [{"sort":{"method":"year"   ,"order":"ascending"},"filter":{"and":[{"or" :[{"field":"title"   ,"operator":"contains","value":["Christmas","X-Mas","Christmastime","Hanukkah","Kwanzaa"]},
                                                                                                                {"field":"plot"    ,"operator":"contains","value":["Christmas","X-Mas","Christmastime","Hanukkah","Kwanzaa"]}]}]}}]}}
                                                                                                                
                                                                                                                
                                                                                                                
# KEYWORDS = {"newyear"  :["The Twilight Zone","Black-Mirror","Black Mirror","Outer Limits","Amazing Stories","Tales from the Darkside","Tales from the crypt",
                         # "Creepshow","The Hitchhiker","Into the Dark","The Ray Bradbury Theater","American Horror Stories","Anthology"],
            # "scifiday" :["Science-Fiction","Science Fiction","Sci-Fi"],
            # "gijoe"    :["G.I. Joe","GI Joe"],
            # "romance"  :["Valentine","Valentines","Valentine""s Day","Romance","Romcom","Love","Cupid"],
            # "pokemon"  :["Pokémon","Pokemon"],
            # "seuss"    :["Dr. Seuss","Dr Seuss","Lorox","Horton","Grinch"],
            # "hitch"    :["Alfred Hitchcock"],
            # "lotr"     :["Hobbit","Lord of the rings","LOTR","Tolkien"],
            # "pulp"     :["Quentin Tarantino","Tarantino"],
            # "startrek" :["Star Trek","Gene Roddenberry"],
            # "aliens"   :["Alien vs. Predator","Aliens vs. Predator: Requiem","Prometheus","Alien: Covenant","Alien","Aliens","Alien 3","Alien: Resurrection","Predator","Predator 2","Predators"],
            # "super"    :["Superhero","DC","Marvel","Batman","Superman","Spiderman","Spider-Man","Thor"],
            # "starwars" :["Star Wars","Krieg der Sterne","Skywalker","Darth Vader","Jedi ","Ewoks","Boba Fett","Mandalorian" 
                         # "Starwars","Yoda ","Obi-Wan","Kenobi","Millennium Falcon","Millenium Falke","Stormtrooper","Sturmtruppler", "Sith"],
            # "zone"     :["The Twilight Zone","Twilight Zone"],
            # "watson"   :["Sherlock","Holmes","Watson","Sher-lock"],
            # "vampire"  :["Dracula","Vampire","Nosferatu","Vamp","Bloodsucker","Succubus"],
            # "ghosts"   :["Ghostbusters"],
            # "superman" :["Superman","Krypton","Supergirl","Louis & Clark","Superboy","Man of Steel","Smallville","Justice League"],
            # "potter"   :["Harry Potter","Fantastic Beasts"],
            # "spider"   :["Spider-Man","Spiderman","Peter Parker"],
            # "ranger"   :["Power Rangers"],
            # "batman"   :["Batman","Joker","Dark Knight"],
            # "hobbit"   :["Hobbit"],
            # "comic"    :["DC","Marvel","Batman","Superman","Spiderman","Spider-Man","Wonder woman"],
            # "future"   :["Back to the Future"],
            # "horror"   :["ужас","užas","rædsel","horror","φρίκη","õudus","kauhu","horreur","užas",
                         # "borzalom","hryllingi","ホラー","siaubas","verschrikking","skrekk","przerażenie",
                         # "groază","фильм ужасов","hrôza","grozo","Skräck","korku","жах","halloween"],
            # "veterans" :["World War One","World War Two","V-Day","D-Day","WWI","WWII","Pearl Harbor","Dunkirk","War","World War",
                         # "Vietnam","Warfare","Army","Navy","Naval","Marine","Air Force","Military","Soldier","Cadet","Officer","Korean War"],
            # "tardis"   :["Tardis","Doctor Who","Dr. Who","Dr Who"],
            # "disney"   :["Pixar","Disney","Mickey Mouse"],
            # "marvel"   :["Marvel","Spiderman","Spider-Man","X-Men","Deadpool","The Avengers"],
            # "xmas"     :["xmas","christmas","x-mas","santa claus","st. claus","happy holidays","st. nick","Weihnacht",
                         # "fest der liebe","heilige nacht","heiliger abend","heiligabend","nikolaus","christkind","Noël",
                         # "Meilleurs vœux","feliz navidad","joyeux noel","Natale","szczęśliwe święta","Veselé Vánoce",
                         # "Vrolijk kerstfeest","Kerstmis","Boże Narodzenie","Kalėdos","Crăciun"]}
          
            # # 'pokemon'  :['Pokémon','Pokemon'],
            # # 'seuss'    :['Dr. Seuss','Dr Seuss','Lorox','Horton','Grinch'],
            # # 'hitch'    :['Alfred Hitchcock'],
            # # 'lotr'     :['Hobbit','Lord of the rings','LOTR','Tolkien'],
            # # 'pulp'     :["Quentin Tarantino","Tarantino"],
            # # 'startrek' :['Star Trek',"Gene Roddenberry"],
            # # 'aliens'   :['Alien vs. Predator','Aliens vs. Predator: Requiem','Prometheus','Alien: Covenant','Alien','Aliens','Alien 3','Alien: Resurrection','Predator','Predator 2','Predators'],
            # # 'super'    :['Superhero','DC','Marvel','Batman','Superman','Spiderman','Spider-Man','Thor'],
            # # 'starwars' :['Star Wars','Krieg der Sterne','Skywalker','Darth Vader','Jedi ','Ewoks','Boba Fett','Mandalorian' 
                         # # 'Starwars','Yoda ','Obi-Wan','Kenobi','Millennium Falcon','Millenium Falke','Stormtrooper','Sturmtruppler', 'Sith'],
            # # 'zone'     :['The Twilight Zone','Twilight Zone'],
            # # 'watson'   :['Sherlock','Holmes','Watson','Sher-lock'],
            # # 'vampire'  :['Dracula','Vampire','Nosferatu','Vamp','Bloodsucker','Succubus'],
            # # 'ghosts'   :['Ghostbusters'],
            # # 'superman' :['Superman','Krypton','Supergirl','Louis & Clark','Superboy','Man of Steel','Smallville','Justice League'],
            # # 'potter'   :['Harry Potter','Fantastic Beasts'],
            # # 'spider'   :['Spider-Man','Spiderman','Peter Parker'],
            # # 'ranger'   :['Power Rangers'],
            # # 'batman'   :['Batman','Joker','Dark Knight'],
            # # 'hobbit'   :['Hobbit'],
            # # 'comic'    :['DC','Marvel','Batman','Superman','Spiderman','Spider-Man','Wonder woman'],
            # # 'future'   :['Back to the Future'],
            # # 'horror'   :['ужас','užas','rædsel','horror','φρίκη','õudus','kauhu','horreur','užas',
                         # # 'borzalom','hryllingi','ホラー','siaubas','verschrikking','skrekk','przerażenie',
                         # # 'groază','фильм ужасов','hrôza','grozo','Skräck','korku','жах','halloween'],
            # # 'veterans' :['World War One','World War Two','V-Day','D-Day','WWI','WWII','Pearl Harbor','Dunkirk','War','World War',
                         # # 'Vietnam','Warfare','Army','Navy','Naval','Marine','Air Force','Military','Soldier','Cadet','Officer','Korean War'],
            # # 'tardis'   :['Tardis','Doctor Who','Dr. Who','Dr Who'],
            # # 'disney'   :['Pixar','Disney','Mickey Mouse'],
            # # 'marvel'   :['Marvel','Spiderman','Spider-Man','X-Men','Deadpool','The Avengers'],
            # # 'xmas'     :['xmas','christmas','x-mas','santa claus','st. claus','happy holidays','st. nick','Weihnacht',
                         # # 'fest der liebe','heilige nacht','heiliger abend','heiligabend','nikolaus','christkind','Noël',
                         # # 'Meilleurs vœux','feliz navidad','joyeux noel','Natale','szczęśliwe święta','Veselé Vánoce',
                         # # 'Vrolijk kerstfeest','Kerstmis','Boże Narodzenie','Kalėdos','Crăciun']
                         # }
                              