<?xml version="1.0" encoding="UTF-8"?>
<addon id="plugin.video.pseudotv.live" version="0.4.8d" name="PseudoTV Live" provider-name="Lunatixz">
    <requires>
        <import addon="xbmc.python" version="3.0.1"/>
        <import addon="pvr.iptvsimple" version="21.8.0"/>
        <import addon="script.module.six" version="1.0.0"/>
        <import addon="script.module.kodi-six" version="0.1.3.1"/>
        <import addon="script.module.infotagger" version="0.0.5" />
        <import addon="script.module.simplecache" version="1.0.0"/>
        <import addon="plugin.library.node.editor" version="0.0.1" />
        <import addon="resource.images.studios.white" version="0.0.1"/>
        <import addon="resource.images.musicgenreicons.text" version="0.0.1"/>
        <import addon="resource.images.moviegenreicons.transparent" version="0.0.1"/>
        <import addon="resource.images.pseudotv.logos" optional="true" version="0.0.1"/>
        <import addon="resource.videos.bumpers.pseudotv" optional="true" version="0.0.1"/>
        <import addon="resource.videos.adverts.pseudotv" optional="true" version="0.0.1"/>
        <import addon="resource.videos.trailers.pseudotv" optional="true" version="0.0.1"/>
        <import addon="resource.videos.ratings.mpaa.classic" optional="true" version="0.0.4"/>
        <import addon="plugin.video.youtube" optional="true" version="0.0.1"/>
        <import addon="script.module.pil" optional="true" version="5.1.0"/>
    </requires>
    <extension point="xbmc.python.pluginsource" library="resources/lib/default.py">
        <provides>video</provides>
    </extension>
    <extension point="xbmc.service" library="resources/lib/service.py"/>
    <extension point="xbmc.python.module" library="resources/lib/"/>
    <extension point="kodi.context.item">
        <menu id="kodi.core.main">            
            <item library="resources/lib/context_record.py" args="add">
                <label>30115</label>
                <visible>[String.Contains(ListItem.Plot,"item=") + ListItem.HasEpg] + [Window.IsVisible(tvguide)|Window.IsVisible(tvsearch)|Window.IsVisible(tvchannels)]</visible>
            </item>              
            <item library="resources/lib/context_record.py" args="del">
                <label>30117</label>
                <visible>[String.Contains(ListItem.Plot,"item=") + ListItem.Path] + [Window.IsVisible(tvrecordings)]</visible>
            </item>
            <item library="resources/lib/context_play.py" args="playlist">
                <label>30076</label>
                <visible>[String.Contains(ListItem.Plot,"item=") + ListItem.HasEpg] + [Window.IsVisible(tvguide)|Window.IsVisible(tvsearch)|Window.IsVisible(tvchannels)]</visible>
            </item>  
            <item library="resources/lib/context_info.py" args="info">
                <label>30075</label>
                <visible>[String.Contains(ListItem.Plot,"item=") + ListItem.HasEpg] + [Window.IsVisible(tvguide)|Window.IsVisible(tvsearch)|Window.IsVisible(tvchannels)]</visible>
            </item> 
            <item library="resources/lib/context_info.py" args="match">
                <label>30091</label>
                <visible>[String.Contains(ListItem.Plot,"item=") + ListItem.HasEpg] + [Window.IsVisible(tvguide)|Window.IsVisible(tvsearch)|Window.IsVisible(tvchannels)]</visible>
            </item>      
            <item library="resources/lib/context_info.py" args="browse">
                <label>30087</label>
                <visible>[String.Contains(ListItem.Plot,"item=") + ListItem.HasEpg] + [Window.IsVisible(tvguide)|Window.IsVisible(tvsearch)|Window.IsVisible(tvchannels)]</visible>
            </item>      
            <item library="resources/lib/context_create.py">
                <label>30114</label>
                <visible>[!ListItem.IsPlayable + ListItem.IsFolder] + [!String.IsEmpty(ListItem.Label)] + String.isEqual(Window(10000).Property(plugin.video.pseudotv.live.isClient),false)</visible>
            </item>  
        </menu>
    </extension>
    <extension point="xbmc.addon.metadata">
        <summary lang="en_GB">PseudoTV Live acts like a set-top box for Kodi!</summary>
        <description lang="en_GB">PseudoTV Live acts similar to normal broadcast or cable TV, complete with pre-defined and user-defined channels. UI Provided by Kodi.</description>
        <platform>all</platform>
        <license>GPL-3.0-or-later</license>
        <source>https://github.com/PseudoTV/PseudoTV_Live</source>
        <forum>https://forum.kodi.tv/showthread.php?tid=355549</forum>
        <disclaimer lang="en_GB">BETA PROJECT; SUBJECT TO BUGS</disclaimer>
        <reuselanguageinvoker>false</reuselanguageinvoker>
        <assets>
            <icon>resources/images/icon.png</icon>
            <fanart>resources/images/fanart.jpg</fanart>
            <screenshot>resources/images/screenshot01.png</screenshot>
            <screenshot>resources/images/screenshot02.png</screenshot>
            <screenshot>resources/images/screenshot03.png</screenshot>
            <screenshot>resources/images/screenshot04.png</screenshot>
        </assets>
    </extension>
</addon>
