<?xml version="1.0" encoding="UTF-8"?>
<addon id="plugin.video.pseudotv.live" version="0.3.0p" name="PseudoTV Live" provider-name="Lunatixz">
    <requires>
        <import addon="xbmc.python" version="3.0.0"/>
        <import addon="pvr.iptvsimple" version="7.5.0"/>
        <import addon="service.iptv.manager" version="0.2.2"/>
        <import addon="script.module.six" version="1.0.0"/>
        <import addon="script.module.kodi-six" version="0.1.3.1"/>
        <import addon="script.module.simplecache" version="1.0.0"/>
        <import addon="script.embuary.helper" version="2.0.6" />
        <import addon="plugin.library.node.editor" version="0.0.1" />
        <import addon="resource.images.studios.white" version="0.0.1"/>
        <import addon="resource.images.studios.coloured" version="0.0.18"/>
        <import addon="resource.images.moviegenreicons.transparent" version="0.0.6"/>
        <import addon="resource.images.musicgenreicons.text" version="0.1.0"/>
        <import addon="resource.images.pseudotv.logos" version="0.0.1" optional="true"/>
        <import addon="resource.videos.bumpers.pseudotv" version="0.0.1" optional="true"/>
        <import addon="resource.videos.ratings.mpaa.classic" version="0.0.1" optional="true"/>
        <import addon="resource.videos.bumpers.sample" version="0.0.1" optional="true"/>
        <import addon="resource.videos.commercials.sample" version="0.0.1" optional="true"/>
        <import addon="resource.videos.trailers.sample" version="0.0.1" optional="true"/>
        <import addon="script.module.pil" version="5.1.0" optional="true"/>
        <import addon="script.artistslideshow" version="3.2.1" optional="true"/>
    </requires>
    <extension point="xbmc.python.pluginsource" library="plugin.py">
        <provides>video</provides>
    </extension>
    <extension point="xbmc.service" library="service.py"/>
    <extension point="kodi.context.item">
        <menu id="kodi.core.main">
            <item library="context_info.py">
                <label>30131</label>
                <visible>[String.Contains(ListItem.Writer,"item=") + ListItem.HasEpg] + [Window.IsVisible(tvguide)|Window.IsVisible(tvsearch)|Window.IsVisible(tvchannels)]</visible>
            </item>
            <item library="context_playlist.py">
                <label>30074</label>
                <visible>[String.Contains(ListItem.Writer,"item=") + ListItem.HasEpg] + [Window.IsVisible(tvguide)|Window.IsVisible(tvsearch)|Window.IsVisible(tvchannels)]</visible>
            </item>            
            <item library="context_play.py">
                <label>30061</label>
                <visible>[String.Contains(ListItem.Writer,"item=") + ListItem.HasEpg + !ListItem.IsPlayable] +	[Window.IsVisible(tvguide)|Window.IsVisible(tvsearch)|Window.IsVisible(tvchannels)]</visible>
            </item>
        </menu>
    </extension>
    <extension point="xbmc.addon.metadata">
        <summary lang="en_GB"></summary>
        <description lang="en_GB">PseudoTV Live acts similar to normal broadcast or cable TV, complete with pre-defined and user-defined channels. UI Provided by Kodi.</description>
        <platform>all</platform>
        <license>GPL-3.0-or-later</license>
        <source>https://github.com/PseudoTV/PseudoTV_Live</source>
        <forum>https://forum.kodi.tv/showthread.php?tid=355549</forum>
        <disclaimer lang="en_GB">BETA PROJECT; SUBJECT TO BUGS</disclaimer>
        <reuselanguageinvoker>true</reuselanguageinvoker>
        <assets>
            <icon>resources/images/icon.png</icon>
            <fanart>resources/images/fanart.jpg</fanart>
            <screenshot>resources/images/screenshot01.png</screenshot>
            <screenshot>resources/images/screenshot02.png</screenshot>
            <screenshot>resources/images/screenshot03.png</screenshot>
            <screenshot>resources/images/screenshot04.png</screenshot>
        </assets>
    </extension>
</addon>
