<?xml version="1.0" encoding="UTF-8" standalone="yes"?>
<window>
    <!-- <onload>RunScript(script.artistslideshow)</onload> -->
    <onload>SetProperty(plugin.video.pseudotv.live.OVERLAY,true,10000)</onload>
    <onunload>SetProperty(plugin.video.pseudotv.live.OVERLAY,false,10000)</onunload> 
    <controls>
        <control type="group" id="41005">
            <description>Player Layer</description>
            <!-- <visible>Player.HasMedia + Player.Playing + ![Player.Paused | Player.DisplayAfterSeek | Player.Seeking]</visible> -->
            <!--  -->
            <control type="image" id="41000">
                <description>Background Overlay</description>
                <posx>0</posx>
                <posy>0</posy>
                <width>1920</width>
                <height>1080</height>
                <aspectratio>scale</aspectratio>
                <texture>static.gif</texture>
                <visible>Player.HasVideo</visible>
            </control>
            <!-- <control type="image"> -->
                <!-- <aspectratio>scale</aspectratio> -->
                <!-- <fadetime>400</fadetime> -->
                <!-- <animation effect="fade" start="0" end="100" time="400">WindowOpen</animation> -->
                <!-- <animation effect="fade" start="100" end="0" time="300">WindowClose</animation> -->
                <!-- <texture background="true">$INFO[Player.Art(fanart)]</texture> -->
                <!-- <visible>Player.HasAudio</visible> -->
            <!-- </control> -->
            <!-- <control type="image"> -->
                <!-- <aspectratio>scale</aspectratio> -->
                <!-- <fadetime>400</fadetime> -->
                <!-- <animation effect="fade" start="0" end="100" time="400">WindowOpen</animation> -->
                <!-- <animation effect="fade" start="100" end="0" time="300">WindowClose</animation> -->
                <!-- <texture background="true">$INFO[Window(Visualisation).Property(ArtistSlideshow.Image)]</texture> -->
                <!-- <visible>Player.HasAudio</visible> -->
            <!-- </control> -->
            <!-- <control type="multiimage"> -->
                <!-- <aspectratio>scale</aspectratio> -->
                <!-- <timeperimage>10000</timeperimage> -->
                <!-- <randomize>true</randomize> -->
                <!-- <fadetime>600</fadetime> -->
                <!-- <loop>yes</loop> -->
                <!-- <imagepath background="true">$INFO[Window(Visualisation).Property(ArtistSlideshow)]</imagepath> -->
                <!-- <visible>Player.HasAudio</visible> -->
            <!-- </control> -->
          <control type="image"> 
            <description>Hide Kodi UI</description>
            <width>1920</width>
            <height>1080</height>
            <texture>white.png</texture>
            <colordiffuse>FF000000</colordiffuse>
            <visible>Player.HasVideo + Player.Playing</visible>
          </control>
          <control type="videowindow" id="41000">
              <description>Video Overlay</description>
              <posx>0</posx>
              <posy>0</posy>
              <width>1920</width>
              <height>1080</height>
              <visible>Player.HasVideo + Player.Playing</visible>
          </control>
          <control type="image" id="41004">
              <description>Channel Bug</description>
              <left>1495</left>
              <top>852</top>
              <width>192</width>
              <height>192</height>
              <aspectratio>keep</aspectratio>
              <visible>Player.HasMedia + Player.Playing</visible>
              <texture fallback="logo.png"></texture>
              <animation effect="fade" end="20" condition="True">conditional</animation>
              <animation effect="fade" start="0" end="20" time="500" reversible="true">>VisibleChange</animation>
          </control>
        </control>
        <control type="list" id="40000">
            <itemlayout width="0" height="0">
            </itemlayout>
            <focusedlayout height="0" width="0">
            </focusedlayout>
        </control>
    </controls>
</window>

<!-- <effect type="slide" start="0,-40" end="0,0" time="400" tween="cubic" easing="inout"/> -->
      <!-- <effect type="fade" start="0" end="100" time="500"/> -->
      <!-- <effect type="slide" start="0,0" end="0,-40" time="400" tween="cubic" easing="inout"/> -->
      <!-- <effect type="fade" start="100" end="0" time="200"/> -->