<?xml version="1.0" encoding="UTF-8" standalone="yes"?>
<window>
    <defaultcontrol always="true">40001</defaultcontrol>
    <onload>SetProperty(plugin.video.pseudotv.live.OVERLAY_REPLAY,true,10000)</onload>
    <onunload>SetProperty(plugin.video.pseudotv.live.OVERLAY_REPLAY,false,10000)</onunload> 
    <controls>
        <control type="group">
            <posx>0</posx>
            <posy>0</posy>
            <animation effect="fade" delay="20" start="0" end="100" time="200">WindowOpen</animation>
            <animation effect="fade" time="20">WindowClose</animation>
            <control type="progress" id="40000">
                <left>480</left>
                <bottom>270</bottom>
                <width>200</width>
                <height>400</height>
                <reveal>true</reveal>
                <overlaytexture></overlaytexture>
                <texturebg colordiffuse="FF01416b">>buttons/dialogbutton-fo.png</texturebg>
                <midtexture colordiffuse="FF696969">>buttons/dialogbutton-fo.png</midtexture>
                <lefttexture colordiffuse="FF696969">>buttons/dialogbutton-fo.png</lefttexture>
                <righttexture colordiffuse="FF696969">>buttons/dialogbutton-fo.png</righttexture>
            </control>
            <control type="button" id="40001">
                <description>Replay Button</description>
                <left>480</left>
                <bottom>270</bottom>
                <width>200</width>
                <height>40</height>
                <colordiffuse>FFFFFFFF</colordiffuse>
                <shadowcolor>FF696969</shadowcolor>
                <texturefocus colordiffuse="FF01416b">buttons/dialogbutton-fo.png</texturefocus>
                <texturenofocus colordiffuse="FF696969">/buttons/dialogbutton-fo.png</texturenofocus>
                <aspectratio scalediffuse="true" align="center" aligny="center">keep</aspectratio>
                <label>    [B]Restart[/B]</label>
                <align>center</align>
                <aligny>center</aligny>
                <wrapmultiline>false</wrapmultiline>
                <font>font32_title</font>
                <textcolor>FFFFFFFF</textcolor>
                <focusedcolor>FFFFFFFF</focusedcolor>
                <disabledcolor>80FFFFFF</disabledcolor>
                <invalidcolor>FFFFFFFF</invalidcolor>
                <textoffsetx></textoffsetx>
                <textoffsety></textoffsety>
                <pulseonselect>false</pulseonselect>
                <onclick></onclick>
                <onfocus></onfocus>
                <onunfocus></onunfocus>
            </control>
            <control type="image">
                <left>496</left>
                <bottom>274</bottom>
                <width>34</width>
                <height>34</height>
                <texture colordiffuse="FFFFFFFF" border="2">buttons/back.png</texture>
                <aspectratio scalediffuse="true" align="center" aligny="center">scale</aspectratio>
            </control>
        </control>
    </controls>
</window>