{
  "January": {
    "1": { "name": "New Year's Day Anthologies", "tagline": "“You're traveling through another dimension...“", "keyword": "newyear" },
    "2": { "name": "Science Fiction Day", "tagline": "“Science fiction frees you to go anyplace and examine anything.“", "keyword": "scifi" },
    "3": { "name": "J.R.R. Tolkien Day", "tagline": "“One ring to rule them all.“", "keyword": "lotr" },
    "4": { "name": "Lego Day", "tagline": "“With a bucket of Lego, you can tell any story.“", "keyword": "lego" },
    "5": { "name": "Sherlock Holmes Day", "tagline": "“Elementary, my dear Watson.“", "keyword": "watson" },
    "6": { "name": "Avatar: The Last Airbender Day", "tagline": "“Everything changed when the Fire Nation attacked.”", "keyword": "avatar" },
    "7": { "name": "Twilight Zone Day", "tagline": "“You are about to enter another dimension...“", "keyword": "twilight" },
    "8": { "name": "Pixar Day", "tagline": "“To infinity and beyond!”", "keyword": "pixar" },
    "9": { "name": "Back to the Future Day", "tagline": "“Great Scott!”", "keyword": "future" },
    "10": { "name": "Studio Ghibli Day", "tagline": "“Whisper of the Heart, Totoro, and beyond.“", "keyword": "ghibli" },
    "11": { "name": "Marvel Day", "tagline": "“Excelsior!”", "keyword": "marvel" },
    "12": { "name": "Breaking Bad Day", "tagline": "“I am the one who knocks!”", "keyword": "breakingbad" },
    "13": { "name": "Harry Potter Day", "tagline": "“Draco Dormiens Nunquam Titillandus.”", "keyword": "potter" },
    "14": { "name": "Indiana Jones Day", "tagline": "“It belongs in a museum!”", "keyword": "indiana" },
    "15": { "name": "Star Wars Day", "tagline": "“May the force be with you.”", "keyword": "starwars" },
    "16": { "name": "Ghostbusters Day", "tagline": "“Who You Gonna Call?”", "keyword": "ghosts" },
    "17": { "name": "The Simpsons Day", "tagline": "“D'oh!”", "keyword": "simpsons" },
    "18": { "name": "Dr. Seuss Day", "tagline": "“Think and wonder. Wonder and think.”", "keyword": "seuss" },
    "19": { "name": "Willy Wonka Day", "tagline": "“The suspense is terrible. I hope it’ll last.”", "keyword": "wonka" },
    "20": { "name": "The Hunger Games Day", "tagline": "“May the odds be ever in your favor.”", "keyword": "hungergames" },
    "21": { "name": "Power Rangers Day", "tagline": "“Everyone gets to be a Ranger!”", "keyword": "ranger" },
    "22": { "name": "SpongeBob SquarePants Day", "tagline": "“Three hours later.”", "keyword": "sponge" },
    "23": { "name": "Batman Day", "tagline": "“I am vengeance, I am the night, I am Batman!”", "keyword": "batman" },
    "24": { "name": "Superman Day", "tagline": "“Truth, justice, and the American way.”", "keyword": "superman" },
    "25": { "name": "Stranger Things Day", "tagline": "“Friends don’t lie.”", "keyword": "strangerthings" },
    "26": { "name": "Comic Book Day", "tagline": "“Bam! Pow! BOOM!”", "keyword": "comics" },
    "27": { "name": "Game of Thrones Day", "tagline": "“Winter is coming.”", "keyword": "got" },
    "28": { "name": "The Twilight Saga Day", "tagline": "“And so the lion fell in love with the lamb.”", "keyword": "twilightmovie" },
    "29": { "name": "Avatar (James Cameron) Day", "tagline": "“I see you.”", "keyword": "avatarcameron" },
    "30": { "name": "Dracula Day", "tagline": "“Fidelis et mortem.”", "keyword": "vampire" },
    "31": { "name": "Star Trek Day", "tagline": "“To Boldly Go...”", "keyword": "startrek" }
  },
  "February": {
    "1": { "name": "G.I. Joe Day", "tagline": "“A Real American Hero!“", "keyword": "gijoe" },
    "2": { "name": "Valentine's Day Special", "tagline": "“Love is in the air!“", "keyword": "romance" },
    "3": { "name": "Pokémon Day", "tagline": "“Gotta Catch 'Em All!“", "keyword": "pokemon" },
    "4": { "name": "Superman Day", "tagline": "“Truth, justice, and the American way.“", "keyword": "superman" },
    "5": { "name": "Studio Ghibli Day", "tagline": "“Whisper of the Heart, Totoro, and beyond.“", "keyword": "ghibli" },
    "6": { "name": "The Office Day", "tagline": "“That's what she said!”", "keyword": "office" },
    "7": { "name": "Disney Magic Day", "tagline": "“Where Dreams Come True.“", "keyword": "disney" },
    "8": { "name": "Pixar Day", "tagline": "“To infinity and beyond!”", "keyword": "pixar" },
    "9": { "name": "Star Wars Day", "tagline": "“May the force be with you.”", "keyword": "starwars" },
    "10": { "name": "Batman Day", "tagline": "“I am vengeance, I am the night, I am Batman!”", "keyword": "batman" },
    "11": { "name": "Marvel Day", "tagline": "“Excelsior!”", "keyword": "marvel" },
    "12": { "name": "Game of Thrones Day", "tagline": "“Winter is coming.”", "keyword": "got" },
    "13": { "name": "Stranger Things Day", "tagline": "“Friends don’t lie.”", "keyword": "strangerthings" },
    "14": { "name": "Valentine's Day Special", "tagline": "“Love is in the air!”", "keyword": "romance" },
    "15": { "name": "Dracula Day", "tagline": "“Fidelis et mortem.”", "keyword": "vampire" },
    "16": { "name": "SpongeBob SquarePants Day", "tagline": "“Three hours later.”", "keyword": "sponge" },
    "17": { "name": "Lego Day", "tagline": "“With a bucket of Lego, you can tell any story.”", "keyword": "lego" },
    "18": { "name": "Sherlock Holmes Day", "tagline": "“Elementary, my dear Watson.”", "keyword": "watson" },
    "19": { "name": "Ghostbusters Day", "tagline": "“Who You Gonna Call?”", "keyword": "ghosts" },
    "20": { "name": "Harry Potter Day", "tagline": "“Draco Dormiens Nunquam Titillandus.”", "keyword": "potter" },
    "21": { "name": "The Hunger Games Day", "tagline": "“May the odds be ever in your favor.”", "keyword": "hungergames" },
    "22": { "name": "J.R.R. Tolkien Day", "tagline": "“One ring to rule them all.”", "keyword": "lotr" },
    "23": { "name": "The Simpsons Day", "tagline": "“D'oh!”", "keyword": "simpsons" },
    "24": { "name": "Pixar Day", "tagline": "“To infinity and beyond!”", "keyword": "pixar" },
    "25": { "name": "Breaking Bad Day", "tagline": "“I am the one who knocks!”", "keyword": "breakingbad" },
    "26": { "name": "Back to the Future Day", "tagline": "“Great Scott!”", "keyword": "future" },
    "27": { "name": "Star Wars Day", "tagline": "“May the force be with you.”", "keyword": "starwars" },
    "28": { "name": "Ghostbusters Day", "tagline": "“Who You Gonna Call?”", "keyword": "ghosts" }
  },
{
  "March": {
    "1": { "name": "Dr. Seuss Day", "tagline": "“Think and wonder. Wonder and think.”", "keyword": "seuss" },
    "2": { "name": "Alfred Hitchcock Day", "tagline": "“Always make the audience suffer.”", "keyword": "hitchcock" },
    "3": { "name": "Game of Thrones Day", "tagline": "“Winter is coming.”", "keyword": "got" },
    "4": { "name": "St. Patrick's Day Special", "tagline": "“May the luck of the Irish lead to happiest heights.”", "keyword": "patrick" },
    "5": { "name": "Quentin Tarantino Day", "tagline": "“If you just love movies enough, you can make a good one.”", "keyword": "quentin" },
    "6": { "name": "Pixar Day", "tagline": "“To infinity and beyond!”", "keyword": "pixar" },
    "7": { "name": "Indiana Jones Day", "tagline": "“It belongs in a museum!”", "keyword": "indiana" },
    "8": { "name": "Marvel Heroes Unite Day", "tagline": "“Avengers, assemble!”", "keyword": "avengers" },
    "9": { "name": "Miyazaki Masterpieces Day", "tagline": "“From Spirited Away to Princess Mononoke.”", "keyword": "miyazaki" },
    "10": { "name": "Harry Potter Fanatics Day", "tagline": "“I solemnly swear I am up to no good.”", "keyword": "potter" },
    "11": { "name": "Doctor Who Day", "tagline": "“Wibbly wobbly, timey wimey.”", "keyword": "doctorwho" },
    "12": { "name": "The Hunger Games Tribute Day", "tagline": "“May the odds be ever in your favor.”", "keyword": "hungergames" },
    "13": { "name": "Avatar: The Last Airbender Day", "tagline": "“Everything changed when the Fire Nation attacked.”", "keyword": "avatar" },
    "14": { "name": "Superman Day", "tagline": "“Truth, justice, and the American way.”", "keyword": "superman" },
    "15": { "name": "Star Wars Rebels Day", "tagline": "“This is the way.”", "keyword": "starwars" },
    "16": { "name": "Lego Builders Day", "tagline": "“Everything is awesome!”", "keyword": "lego" },
    "17": { "name": "Sherlock Holmes Day", "tagline": "“The game is afoot!”", "keyword": "watson" },
    "18": { "name": "The Simpsons Day", "tagline": "“D'oh!”", "keyword": "simpsons" },
    "19": { "name": "Ghostbusters Day", "tagline": "“Who you gonna call?”", "keyword": "ghosts" },
    "20": { "name": "Willy Wonka Day", "tagline": "“The suspense is terrible. I hope it’ll last.”", "keyword": "wonka" },
    "21": { "name": "Stranger Things Day", "tagline": "“Friends don’t lie.”", "keyword": "strangerthings" },
    "22": { "name": "Back to the Future Day", "tagline": "“Great Scott!”", "keyword": "future" },
    "23": { "name": "Pokemon Trainers Day", "tagline": "“Gotta catch 'em all!”", "keyword": "pokemon" },
    "24": { "name": "Breaking Bad Day", "tagline": "“I am the one who knocks.”", "keyword": "breakingbad" },
    "25": { "name": "Pixar Day", "tagline": "“To infinity and beyond!”", "keyword": "pixar" },
    "26": { "name": "Star Trek Day", "tagline": "“Live long and prosper.”", "keyword": "startrek" },
    "27": { "name": "Batman Day", "tagline": "“I am the knight.”", "keyword": "batman" },
    "28": { "name": "Avatar (James Cameron) Day", "tagline": "“I see you.”", "keyword": "avatarcameron" },
    "29": { "name": "Comic Book Day", "tagline": "“Bam! Pow! Smash!”", "keyword": "comics" },
    "30": { "name": "Dracula Day", "tagline": "“Fidelis et mortem.”", "keyword": "vampire" },
    "31": { "name": "Lord of the Rings Day", "tagline": "“A wizard is never late.”", "keyword": "lotr" }
  },
  "April": {
    "1": { "name": "Star Wars Day", "tagline": "“May the fourth be with you!”", "keyword": "starwars" },
    "2": { "name": "Hitchhiker's Guide to the Galaxy Day", "tagline": "“Don’t panic!”", "keyword": "hitchhikers" },
    "3": { "name": "Marvel Day", "tagline": "“Excelsior!”", "keyword": "marvel" },
    "4": { "name": "Studio Ghibli Day", "tagline": "“Whisper of the Heart.”", "keyword": "ghibli" },
    "5": { "name": "Stranger Things Day", "tagline": "“Friends don’t lie.”", "keyword": "strangerthings" },
    "6": { "name": "Pirates of the Caribbean Day", "tagline": "“Why is the rum always gone?”", "keyword": "pirates" },
    "7": { "name": "Ghostbusters Day", "tagline": "“Who you gonna call?”", "keyword": "ghosts" },
    "8": { "name": "Willy Wonka Day", "tagline": "“The suspense is terrible. I hope it lasts.”", "keyword": "wonka" },
    "9": { "name": "Doctor Who Day", "tagline": "“It’s bigger on the inside.”", "keyword": "doctorwho" },
    "10": { "name": "The Hunger Games Day", "tagline": "“May the odds be ever in your favor.”", "keyword": "hungergames" },
    "11": { "name": "Harry Potter Day", "tagline": "“It’s LeviOsa, not LeviosA!”", "keyword": "potter" },
    "12": { "name": "Avatar: The Last Airbender Day", "tagline": "“Everything changed when the Fire Nation attacked.”", "keyword": "avatar" },
    "13": { "name": "Breaking Bad Day", "tagline": "“Say my name.”", "keyword": "breakingbad" },
    "14": { "name": "Marvel Heroes Day", "tagline": "“With great power comes great responsibility.”", "keyword": "heroes" },
    "15": { "name": "Star Trek Day", "tagline": "“To boldly go where no one has gone before.”", "keyword": "startrek" },
    "16": { "name": "Sherlock Holmes Day", "tagline": "“Elementary, my dear Watson.”", "keyword": "watson" },
    "17": { "name": "Lego Day", "tagline": "“Everything is awesome!”", "keyword": "lego" },
    "18": { "name": "The Simpsons Day", "tagline": "“D'oh!”", "keyword": "simpsons" },
    "19": { "name": "Superman Day", "tagline": "“Truth, justice, and the American way.”", "keyword": "superman" },
    "20": { "name": "Batman Day", "tagline": "“I am vengeance.”", "keyword": "batman" },
    "21": { "name": "SpongeBob SquarePants Day", "tagline": "“I'm ready, I'm ready!”", "keyword": "spongebob" },
    "22": { "name": "Indiana Jones Day", "tagline": "“Fortune and glory, kid.”", "keyword": "indiana" },
    "23": { "name": "Comic Book Day", "tagline": "“Bam! Pow! Smash!”", "keyword": "comics" },
    "24": { "name": "Back to the Future Day", "tagline": "“Roads? Where we’re going, we don’t need roads.”", "keyword": "future" },
    "25": { "name": "Game of Thrones Day", "tagline": "“Winter is coming.”", "keyword": "got" },
    "26": { "name": "Lord of the Rings Day", "tagline": "“Even the smallest person can change the course of history.”", "keyword": "lotr" },
    "27": { "name": "The Office Day", "tagline": "“That’s what she said.”", "keyword": "office" },
    "28": { "name": "Dracula Day", "tagline": "“I want to drink your blood.”", "keyword": "vampire" },
    "29": { "name": "Hobbit Day", "tagline": "“I’m going on an adventure!”", "keyword": "hobbit" },
    "30": { "name": "Star Wars Rebels Day", "tagline": "“This is the way.”", "keyword": "rebels" }
  },
  "May": {
    "1": { "name": "Shrek Day", "tagline": "“Ogres are like onions.”", "keyword": "shrek" },
    "2": { "name": "Wonder Woman Day", "tagline": "“A warrior for peace.”", "keyword": "wonderwoman" },
    "3": { "name": "Pirates of the Caribbean Day", "tagline": "“You best start believing in ghost stories.”", "keyword": "pirates" },
    "4": { "name": "Star Wars Day", "tagline": "“May the fourth be with you!”", "keyword": "starwars" },
    "5": { "name": "Revenge of the Fifth", "tagline": "“The Sith will rise again!”", "keyword": "sith" },
    "6": { "name": "Marvel Day", "tagline": "“Excelsior!”", "keyword": "marvel" }
  },
  "May": {
        '1': {'name': "Star Wars Day", 'tagline': "“May the force be with you.”", 'keyword': 'starwars', 'query': [TV_QUERY, MOVIE_QUERY]},
        '2': {'name': "Twilight Zone Day", 'tagline': "“You are about to enter another dimension...“", 'keyword': 'twilight', 'query': [TV_QUERY, MOVIE_QUERY]},
        '3': {'name': "Sherlock Holmes Day", 'tagline': "“The Game is Afoot!”", 'keyword': 'watson', 'query': [TV_QUERY, MOVIE_QUERY]},
        '4': {'name': "Dracula Day", 'tagline': "“Fidelis et mortem.”", 'keyword': 'vampire', 'query': [TV_QUERY, MOVIE_QUERY]},
        '5': {'name': "Marvel Heroes Day", 'tagline': "“With great power comes great responsibility.”", 'keyword': 'marvel', 'query': [TV_QUERY, MOVIE_QUERY]},
        '6': {'name': "Pixar Day", 'tagline': "“To infinity and beyond!”", 'keyword': 'pixar', 'query': [TV_QUERY, MOVIE_QUERY]},
        '7': {'name': "Game of Thrones Day", 'tagline': "“Winter is coming.”", 'keyword': 'got', 'query': [TV_QUERY, MOVIE_QUERY]},
        '8': {'name': "Harry Potter Day", 'tagline': "“Draco Dormiens Nunquam Titillandus.”", 'keyword': 'potter', 'query': [TV_QUERY, MOVIE_QUERY]},
        '9': {'name': "Back to the Future Day", 'tagline': "“Great Scott!”", 'keyword': 'future', 'query': [TV_QUERY, MOVIE_QUERY]},
        '10': {'name': "SpongeBob SquarePants Day", 'tagline': "“Three hours later.”", 'keyword': 'sponge', 'query': [TV_QUERY, MOVIE_QUERY]},
        '11': {'name': "Doctor Who Day", 'tagline': "“Wibbly wobbly, timey wimey.”", 'keyword': 'tardis', 'query': [TV_QUERY, MOVIE_QUERY]},
        '12': {'name': "Lego Builders Day", 'tagline': "“Everything is awesome!”", 'keyword': 'lego', 'query': [TV_QUERY, MOVIE_QUERY]},
        # Fill remaining days...
    },

    "June": {
        '1': {'name': "Pride Fandom Celebration", 'tagline': "“Celebrate love and diversity in fandoms!”", 'keyword': 'pride', 'query': [TV_QUERY, MOVIE_QUERY]},
        '2': {'name': "Ghostbusters Day", 'tagline': "“Who you gonna call?”", 'keyword': 'ghosts', 'query': [TV_QUERY, MOVIE_QUERY]},
        '3': {'name': "Superman Day", 'tagline': "“Truth, justice, and the American way.”", 'keyword': 'superman', 'query': [TV_QUERY, MOVIE_QUERY]},
        '4': {'name': "Avatar Day", 'tagline': "“I see you.”", 'keyword': 'avatarcameron', 'query': [TV_QUERY, MOVIE_QUERY]},
        '5': {'name': "Studio Ghibli Day", 'tagline': "“Whisper of the Heart.”", 'keyword': 'ghibli', 'query': [TV_QUERY, MOVIE_QUERY]},
        '6': {'name': "Breaking Bad Day", 'tagline': "“Say my name.”", 'keyword': 'breakingbad', 'query': [TV_QUERY, MOVIE_QUERY]},
        # Fill remaining days...
    },

    "July": {
        '1': {'name': "Spider-Man Day", 'tagline': "“With great power comes great responsibility.”", 'keyword': 'spider', 'query': [TV_QUERY, MOVIE_QUERY]},
        '2': {'name': "Disney Magic Day", 'tagline': "“Where dreams come true.”", 'keyword': 'disney', 'query': [TV_QUERY, MOVIE_QUERY]},
        '3': {'name': "Harry Potter Day", 'tagline': "“It’s LeviOsa, not LeviosA!”", 'keyword': 'potter', 'query': [TV_QUERY, MOVIE_QUERY]},
        # Fill remaining days...
    },

    "August": {
        '1': {'name': "Shrek Day", 'tagline': "“Ogres are like onions.”", 'keyword': 'shrek', 'query': [TV_QUERY, MOVIE_QUERY]},
        '2': {'name': "Power Rangers Day", 'tagline': "“Everyone gets to be a Ranger!”", 'keyword': 'ranger', 'query': [TV_QUERY, MOVIE_QUERY]},
        # Fill remaining days...
    },

    "September": {
        '1': {'name': "Star Trek Day", 'tagline': "“Live long and prosper.”", 'keyword': 'startrek', 'query': [TV_QUERY, MOVIE_QUERY]},
        '2': {'name': "Hobbit Day", 'tagline': "“I’m going on an adventure!”", 'keyword': 'lotr', 'query': [TV_QUERY, MOVIE_QUERY]},
        # Fill remaining days...
    },

    "October": {
        '1': {'name': "Willy Wonka Day", 'tagline': "“The suspense is terrible. I hope it lasts.”", 'keyword': 'wonka', 'query': [TV_QUERY, MOVIE_QUERY]},
        '2': {'name': "Back to the Future Day", 'tagline': "“Where we’re going, we don’t need roads.”", 'keyword': 'future', 'query': [TV_QUERY, MOVIE_QUERY]},
        '3': {'name': "Halloween Season", 'tagline': "“Happy Hauntings!”", 'keyword': 'horror', 'query': [TV_QUERY, MOVIE_QUERY]},
        # Fill remaining days...
    },

    "November": {
        '1': {'name': "Veterans Tribute Day", 'tagline': "“Honoring all who served.”", 'keyword': 'heros', 'query': [TV_QUERY, MOVIE_QUERY]},
        '2': {'name': "Doctor Who Day", 'tagline': "“Bow ties are cool.”", 'keyword': 'tardis', 'query': [TV_QUERY, MOVIE_QUERY]},
        '3': {'name': "Thanksgiving Special", 'tagline': "“Let’s give thanks!”", 'keyword': 'turkey', 'query': [TV_QUERY, MOVIE_QUERY]},
        # Fill remaining days...
    },

    "December": {
        '1': {'name': "Marvel Heroes Day", 'tagline': "“Excelsior!”", 'keyword': 'marvel', 'query': [TV_QUERY, MOVIE_QUERY]},
        '2': {'name': "Holiday Cheer Day", 'tagline': "“Tis the season to be jolly!”", 'keyword': 'xmas', 'query': [TV_QUERY, MOVIE_QUERY]},
        '3': {'name': "New Year’s Countdown", 'tagline': "“Time to celebrate new beginnings!”", 'keyword': 'newyear', 'query': [TV_QUERY, MOVIE_QUERY]},
        # Fill remaining days...
    }
}SEASONS = {
    "January": {
        "1": {"name": "New Year's Day Anthologies", "tagline": "“You're traveling through another dimension...”", "keyword": "newyear"},
        "2": {"name": "Science Fiction Day", "tagline": "“Science fiction frees you to go anyplace and examine anything.”", "keyword": "scifi"},
        "3": {"name": "J.R.R. Tolkien Day", "tagline": "“One ring to rule them all.”", "keyword": "lotr"},
        "4": {"name": "Lego Day", "tagline": "“With a bucket of Lego, you can tell any story.”", "keyword": "lego"},
        "5": {"name": "Sherlock Holmes Day", "tagline": "“Elementary, my dear Watson.”", "keyword": "watson"},
        "6": {"name": "Avatar: The Last Airbender Day", "tagline": "“Everything changed when the Fire Nation attacked.”", "keyword": "avatar"},
        "7": {"name": "Twilight Zone Day", "tagline": "“You are about to enter another dimension...”", "keyword": "twilight"},
        "8": {"name": "Pixar Day", "tagline": "“To infinity and beyond!”", "keyword": "pixar"},
        "9": {"name": "Back to the Future Day", "tagline": "“Great Scott!”", "keyword": "future"},
        "10": {"name": "Studio Ghibli Day", "tagline": "“Whisper of the Heart, Totoro, and beyond.”", "keyword": "ghibli"},
        "11": {"name": "Marvel Day", "tagline": "“Excelsior!”", "keyword": "marvel"},
        "12": {"name": "Breaking Bad Day", "tagline": "“I am the one who knocks!”", "keyword": "breakingbad"},
        "13": {"name": "Harry Potter Day", "tagline": "“Draco Dormiens Nunquam Titillandus.”", "keyword": "potter"},
        "14": {"name": "Indiana Jones Day", "tagline": "“It belongs in a museum!”", "keyword": "indiana"},
        "15": {"name": "Star Wars Day", "tagline": "“May the force be with you.”", "keyword": "starwars"},
        "16": {"name": "Ghostbusters Day", "tagline": "“Who you gonna call?”", "keyword": "ghosts"},
        "17": {"name": "The Simpsons Day", "tagline": "“D'oh!”", "keyword": "simpsons"},
        "18": {"name": "Dr. Seuss Day", "tagline": "“Think and wonder. Wonder and think.”", "keyword": "seuss"},
        "19": {"name": "Willy Wonka Day", "tagline": "“The suspense is terrible. I hope it lasts.”", "keyword": "wonka"},
        "20": {"name": "The Hunger Games Day", "tagline": "“May the odds be ever in your favor.”", "keyword": "hungergames"},
        "21": {"name": "Power Rangers Day", "tagline": "“Everyone gets to be a Ranger!”", "keyword": "ranger"},
        "22": {"name": "SpongeBob SquarePants Day", "tagline": "“Three hours later.”", "keyword": "sponge"},
        "23": {"name": "Batman Day", "tagline": "“I am vengeance. I am the night. I am Batman!”", "keyword": "batman"},
        "24": {"name": "Superman Day", "tagline": "“Truth, justice, and the American way.”", "keyword": "superman"},
        "25": {"name": "Stranger Things Day", "tagline": "“Friends don’t lie.”", "keyword": "strangerthings"},
        "26": {"name": "Comic Book Day", "tagline": "“Bam! Pow! Smack!”", "keyword": "comics"},
        "27": {"name": "Game of Thrones Day", "tagline": "“Winter is coming.”", "keyword": "got"},
        "28": {"name": "The Twilight Saga Day", "tagline": "“And so the lion fell in love with the lamb.”", "keyword": "twilightmovie"},
        "29": {"name": "Avatar (James Cameron) Day", "tagline": "“I see you.”", "keyword": "avatarcameron"},
        "30": {"name": "Dracula Day", "tagline": "“Fidelis et mortem.”", "keyword": "vampire"},
        "31": {"name": "Star Trek Day", "tagline": "“To Boldly Go...”", "keyword": "startrek"}
    },
    "February": {
        "1": {"name": "G.I. Joe Day", "tagline": "“A Real American Hero!”", "keyword": "gijoe"},
        "2": {"name": "Groundhog Day Celebration", "tagline": "“Six more weeks of fandom!”", "keyword": "groundhog"},
        "3": {"name": "Pokémon Day", "tagline": "“Gotta catch 'em all!”", "keyword": "pokemon"},
        "4": {"name": "Superman Day", "tagline": "“Truth, justice, and the American way.”", "keyword": "superman"},
        "5": {"name": "Breaking Bad Day", "tagline": "“Say my name.”", "keyword": "breakingbad"},
        "6": {"name": "Studio Ghibli Day", "tagline": "“Whisper of the Heart.”", "keyword": "ghibli"},
        "7": {"name": "Lego Builders Day", "tagline": "“Everything is awesome!”", "keyword": "lego"},
        "8": {"name": "Stranger Things Day", "tagline": "“Friends don’t lie.”", "keyword": "strangerthings"},
        "9": {"name": "Harry Potter Day", "tagline": "“It’s LeviOsa, not LeviosA!”", "keyword": "potter"},
        "10": {"name": "Marvel Heroes Day", "tagline": "“With great power comes great responsibility.”", "keyword": "marvel"},
        "11": {"name": "Batman Day", "tagline": "“I am vengeance.”", "keyword": "batman"},
        "12": {"name": "Doctor Who Day", "tagline": "“Wibbly wobbly, timey wimey.”", "keyword": "tardis"},
        "13": {"name": "The Hunger Games Day", "tagline": "“May the odds be ever in your favor.”", "keyword": "hungergames"},
        "14": {"name": "Valentine's Day", "tagline": "“Love conquers all.”", "keyword": "romance"},
        "15": {"name": "Ghostbusters Day", "tagline": "“Who you gonna call?”", "keyword": "ghosts"},
        "16": {"name": "Pixar Day", "tagline": "“To infinity and beyond!”", "keyword": "pixar"},
        "17": {"name": "Game of Thrones Day", "tagline": "“Winter is coming.”", "keyword": "got"},
        "18": {"name": "Sherlock Holmes Day", "tagline": "“The game is afoot!”", "keyword": "watson"},
        "19": {"name": "Indiana Jones Day", "tagline": "“Fortune and glory, kid.”", "keyword": "indiana"},
        "20": {"name": "Twilight Zone Day", "tagline": "“You are about to enter another dimension...”", "keyword": "twilight"},
        "21": {"name": "Power Rangers Day", "tagline": "“Go go Power Rangers!”", "keyword": "ranger"},
        "22": {"name": "SpongeBob SquarePants Day", "tagline": "“I’m ready, I’m ready!”", "keyword": "sponge"},
        "23": {"name": "Dracula Day", "tagline": "“I want to drink your blood.”", "keyword": "vampire"},
        "24": {"name": "Star Trek Day", "tagline": "“Live long and prosper.”", "keyword": "startrek"},
        "25": {"name": "Back to the Future Day", "tagline": "“Roads? Where we’re going, we don’t need roads.”", "keyword": "future"},
        "26": {"name": "Comic Book Day", "tagline": "“Bam! Pow! Smash!”", "keyword": "comics"},
        "27": {"name": "Avatar (James Cameron) Day", "tagline": "“I see you.”", "keyword": "avatarcameron"},
        "28": {"name": "Willy Wonka Day", "tagline": "“The suspense is terrible. I hope it lasts.”", "keyword": "wonka"}
    },
    "March": {
        "1": {"name": "Dr. Seuss Day", "tagline": "“Think and wonder. Wonder and think.”", "keyword": "seuss"},
        "2": {"name": "Alfred Hitchcock Day", "tagline": "“Always make the audience suffer.”", "keyword": "hitchcock"},
        "3": {"name": "St. Patrick's Fandom Day", "tagline": "“Luck of the Irish for all fandoms!”", "keyword": "patrick"},
        "4": {"name": "Quentin Tarantino Day", "tagline": "“If you just love movies enough, you can make a good one.”", "keyword": "quentin"},
        "5": {"name": "Lego Day", "tagline": "“Everything is awesome!”", "keyword": "lego"},
        "6": {"name": "Marvel Heroes Day", "tagline": "“Avengers, assemble!”", "keyword": "marvel"},
        "7": {"name": "Harry Potter and Friends Day", "tagline": "“Draco Dormiens Nunquam Titillandus.”", "keyword": "potter"},
        "8": {"name": "Star Trek Day", "tagline": "“Live long and prosper.”", "keyword": "startrek"},
        "9": {"name": "Doctor Who Day", "tagline": "“Wibbly wobbly, timey wimey.”", "keyword": "tardis"},
        "10": {"name": "The Hunger Games Day", "tagline": "“May the odds be ever in your favor.”", "keyword": "hungergames"},
        "11": {"name": "Avatar: The Last Airbender Day", "tagline": "“Everything changed when the Fire Nation attacked.”", "keyword": "avatar"},
        "12": {"name": "Breaking Bad Day", "tagline": "“Say my name.”", "keyword": "breakingbad"},
        "13": {"name": "The Simpsons Day", "tagline": "“D'oh!”", "keyword": "simpsons"},
        "14": {"name": "Sherlock Holmes Day", "tagline": "“The game is afoot!”", "keyword": "watson"},
        "15": {"name": "SpongeBob SquarePants Day", "tagline": "“I’m ready, I’m ready!”", "keyword": "sponge"},
        "16": {"name": "Ghostbusters Day", "tagline": "“Who you gonna call?”", "keyword": "ghosts"},
        "17": {"name": "J.R.R. Tolkien Day", "tagline": "“Even the smallest person can change the course of the future.”", "keyword": "lotr"},
        "18": {"name": "Studio Ghibli Day", "tagline": "“Whisper of the Heart.”", "keyword": "ghibli"},
        "19": {"name": "Pixar Day", "tagline": "“To infinity and beyond!”", "keyword": "pixar"},
        "20": {"name": "Game of Thrones Day", "tagline": "“Winter is coming.”", "keyword": "got"},
        "21": {"name": "Back to the Future Day", "tagline": "“Roads? Where we’re going, we don’t need roads.”", "keyword": "future"},
        "22": {"name": "Batman Day", "tagline": "“I am vengeance. I am the night. I am Batman!”", "keyword": "batman"},
        "23": {"name": "Superman Day", "tagline": "“Truth, justice, and the American way.”", "keyword": "superman"},
        "24": {"name": "Power Rangers Day", "tagline": "“Go go Power Rangers!”", "keyword": "ranger"},
        "25": {"name": "Comic Book Day", "tagline": "“Bam! Pow! Smash!”", "keyword": "comics"},
        "26": {"name": "Avatar (James Cameron) Day", "tagline": "“I see you.”", "keyword": "avatarcameron"},
        "27": {"name": "Willy Wonka Day", "tagline": "“The suspense is terrible. I hope it lasts.”", "keyword": "wonka"},
        "28": {"name": "Dracula Day", "tagline": "“Fidelis et mortem.”", "keyword": "vampire"},
        "29": {"name": "Star Wars Rebels Day", "tagline": "“This is the way.”", "keyword": "rebels"},
        "30": {"name": "Lord of the Rings Day", "tagline": "“A wizard is never late.”", "keyword": "lotr"},
        "31": {"name": "Disney Magic Day", "tagline": "“Where dreams come true.”", "keyword": "disney"}
    },
    # Complete March through December similarly...
}SEASONS = {
    # January and February remain as previously defined...
    "March": {
        "1": {"name": "Dr. Seuss Day", "tagline": "“Think and wonder. Wonder and think.”", "keyword": "seuss"},
        "2": {"name": "Hitchcock Day", "tagline": "“Always make the audience suffer.”", "keyword": "hitchcock"},
        "3": {"name": "Star Trek Day", "tagline": "“Live long and prosper.”", "keyword": "startrek"},
        "4": {"name": "Quentin Tarantino Day", "tagline": "“If you just love movies enough, you can make a good one.”", "keyword": "tarantino"},
        "5": {"name": "Mario Day", "tagline": "“It’s-a me, Mario!”", "keyword": "mario"},
        "6": {"name": "Miyazaki Day", "tagline": "“Follow your dreams, no matter where they lead.”", "keyword": "ghibli"},
        "7": {"name": "Middle-earth Day", "tagline": "“Even the smallest person can change the course of the future.”", "keyword": "lotr"},
        "8": {"name": "International Women of Fandom Day", "tagline": "“Celebrating heroines and creators.”", "keyword": "women"},
        "9": {"name": "Breaking Bad Day", "tagline": "“I am the danger.”", "keyword": "breakingbad"},
        "10": {"name": "The Office Day", "tagline": "“That’s what she said.”", "keyword": "office"},
        "11": {"name": "Indiana Jones Day", "tagline": "“Fortune and glory, kid.”", "keyword": "indiana"},
        "12": {"name": "The Hunger Games Day", "tagline": "“May the odds be ever in your favor.”", "keyword": "hungergames"},
        "13": {"name": "Avatar (James Cameron) Day", "tagline": "“I see you.”", "keyword": "avatarcameron"},
        "14": {"name": "Doctor Who Day", "tagline": "“Bow ties are cool.”", "keyword": "doctorwho"},
        "15": {"name": "Marvel Day", "tagline": "“Excelsior!”", "keyword": "marvel"},
        "16": {"name": "Pixar Day", "tagline": "“Adventure is out there!”", "keyword": "pixar"},
        "17": {"name": "St. Patrick’s Day", "tagline": "“May the luck of the Irish lead to happiest heights.”", "keyword": "patrick"},
        "18": {"name": "Willy Wonka Day", "tagline": "“The suspense is terrible. I hope it lasts.”", "keyword": "wonka"},
        "19": {"name": "Ghostbusters Day", "tagline": "“Who you gonna call?”", "keyword": "ghosts"},
        "20": {"name": "Twilight Zone Day", "tagline": "“You are about to enter another dimension...”", "keyword": "twilight"},
        "21": {"name": "Power Rangers Day", "tagline": "“Go go Power Rangers!”", "keyword": "ranger"},
        "22": {"name": "Sherlock Holmes Day", "tagline": "“The game is afoot!”", "keyword": "watson"},
        "23": {"name": "Batman Day", "tagline": "“I am the night.”", "keyword": "batman"},
        "24": {"name": "Superman Day", "tagline": "“Truth, justice, and the American way.”", "keyword": "superman"},
        "25": {"name": "Stranger Things Day", "tagline": "“Friends don’t lie.”", "keyword": "strangerthings"},
        "26": {"name": "Comic Book Day", "tagline": "“Heroes live forever.”", "keyword": "comics"},
        "27": {"name": "Game of Thrones Day", "tagline": "“Winter is coming.”", "keyword": "got"},
        "28": {"name": "Back to the Future Day", "tagline": "“Where we’re going, we don’t need roads.”", "keyword": "future"},
        "29": {"name": "SpongeBob SquarePants Day", "tagline": "“I’m ready, I’m ready!”", "keyword": "sponge"},
        "30": {"name": "Hobbit Day", "tagline": "“I’m going on an adventure!”", "keyword": "lotr"},
        "31": {"name": "Star Wars Day", "tagline": "“May the force be with you.”", "keyword": "starwars"}
    },
    # Continue with unique, non-duplicated events for April through December...
    "December": {
        "1": {"name": "Holiday Movie Kickoff", "tagline": "“Let the festive binge begin!”", "keyword": "holidaymovies"},
        "2": {"name": "Home Alone Day", "tagline": "“Keep the change, ya filthy animal.”", "keyword": "homealone"},
        "3": {"name": "Elf Day", "tagline": "“The best way to spread Christmas cheer is singing loud for all to hear.”", "keyword": "elf"},
        "4": {"name": "The Grinch Day", "tagline": "“Maybe Christmas doesn’t come from a store.”", "keyword": "grinch"},
        "5": {"name": "Die Hard Day", "tagline": "“Yippee-ki-yay!”", "keyword": "diehard"},
        "6": {"name": "Harry Potter Holiday Marathon", "tagline": "“It’s not Christmas without Hogwarts.”", "keyword": "potter"},
        "7": {"name": "Fandom Gift Guide Day", "tagline": "“What will you gift your fellow fan?”", "keyword": "fandomgifts"},
        "8": {"name": "Star Trek Day", "tagline": "“Live long and prosper.”", "keyword": "startrek"},
        "9": {"name": "The Polar Express Day", "tagline": "“Do you believe?”", "keyword": "polarexpress"},
        "10": {"name": "Futurama Day", "tagline": "“Good news, everyone!”", "keyword": "futurama"},
        "11": {"name": "Marvel Heroes Day", "tagline": "“Avengers, assemble!”", "keyword": "marvel"},
        "12": {"name": "The Nightmare Before Christmas Day", "tagline": "“This is Halloween!”", "keyword": "nightmarexmas"},
        "13": {"name": "Lord of the Rings Day", "tagline": "“One ring to rule them all.”", "keyword": "lotr"},
        "14": {"name": "Frozen Day", "tagline": "“Let it go!”", "keyword": "frozen"},
        "15": {"name": "The Matrix Day", "tagline": "“Take the red pill.”", "keyword": "matrix"},
        "16": {"name": "Die Hard Day", "tagline": "“It’s not Christmas until Hans Gruber falls.”", "keyword": "diehard"},
        "17": {"name": "The Simpsons Holiday Special", "tagline": "“D'oh-ho-ho!”", "keyword": "simpsons"},
        "18": {"name": "Home for the Holidays", "tagline": "“There’s no place like home.”", "keyword": "holidayhome"},
        "19": {"name": "The Grinch Day", "tagline": "“Maybe Christmas means a little bit more.”", "keyword": "grinch"},
        "20": {"name": "Elf Day", "tagline": "“Smiling’s my favorite.”", "keyword": "elf"},
        "21": {"name": "Harry Potter Yule Ball", "tagline": "“Let the magic begin.”", "keyword": "potterholiday"},
        "22": {"name": "Star Wars Day", "tagline": "“The force is strong with this holiday.”", "keyword": "starwars"},
        "23": {"name": "Holiday Villains Day", "tagline": "“Sometimes even villains celebrate.”", "keyword": "villains"},
        "24": {"name": "Christmas Eve Movie Marathon", "tagline": "“Tis the season for fandom cheer!”", "keyword": "xmasmarathon"},
        "25": {"name": "Christmas Day Special", "tagline": "“Merry Christmas!”", "keyword": "xmas"},
        "26": {"name": "Boxing Day Binge", "tagline": "“Time for leftover fandom fun.”", "keyword": "boxingday"},
        "27": {"name": "New Year’s Eve Prep", "tagline": "“Preparing for a new fandom year!”", "keyword": "newyearprep"},
        "28": {"name": "Marvel Villains Day", "tagline": "“Every hero needs a great villain.”", "keyword": "marvelvillains"},
        "29": {"name": "The Twilight Zone Day", "tagline": "“You’re traveling through another dimension…”", "keyword": "twilight"},
        "30": {"name": "Game of Thrones Day", "tagline": "“Winter is here.”", "keyword": "got"},
        "31": {"name": "New Year’s Eve Anthology", "tagline": "“Another year of fandom awaits!”", "keyword": "newyear"}
    }
}