{
    "id": "",
    "type": "",
    "number": 0,
    "name": "",
    "logo": "",
    "path": [],
    "group": [],
    "rules": [],
    "catchup": "vod",
    "radio": false,
    "favorite": false,
    "label": "",
    "url": "",
    "tvg-shift": "",
    "x-tvg-url": "",
    "media": "",
    "media-dir": "",
    "media-size": "",
    "catchup-source": "",
    "catchup-days": "",
    "catchup-correction": "",
    "provider": "",
    "provider-type": "",
    "provider-logo": "",
    "provider-countries": "",
    "provider-languages": "",
    "kodiprops": []
}