<!--
The following are the DVB Genre Id's used for reference

Source: https://www.etsi.org/deliver/etsi_en/300400_300499/300468/01.11.01_60/en_300468v011101p.pdf
Page 40

Note: the first 4 bits is genre and last is sub genre

Mapping DVB Genres:
 - The content below is a reference for Genre Text Mappings

There shoud be no reason to modify this file unless the DVB standard changes.

NOTE: IF YOU MODIFY THIS FILE IT WILL BE OVERWRITTEN NEXT TIME THE ADDON IS STARTED

If you have changes either create a PR containing the changes or an issue with details at:
  https://github.com/kodi-pvr/pvr.iptvsimple
-->

<genres>
  <name>Kodi DVB Genres using Hexadecimal for genreId</name>
  <!-- UNDEFINED -->
  <genre genreId="0x00">Undefined</genre>

  <!-- MOVIE / DRAMA -->
  <genre genreId="0x01">General Movie / Drama</genre>
  <genre genreId="0x01">Movie / Featured Film</genre>
  <genre genreId="0x11">Detective / Thriller</genre>
  <genre genreId="0x21">Adventure / Western / War</genre>
  <genre genreId="0x03">Science Fiction / Fantasy / Horror</genre>
  <genre genreId="0x41">Comedy</genre>
  <genre genreId="0x51">Soap / Melodrama / Folkloric</genre>
  <genre genreId="0x61">Romance</genre>
  <genre genreId="0x71">Serious / Classical / Religious / Historical Movie / Drama</genre>
  <genre genreId="0x81">Adult Movie / Drama</genre>

  <!-- NEWS / CURRENT AFFAIRS -->
  <genre genreId="0x02">News / Current Affairs</genre>
  <genre genreId="0x12">News / Weather Report</genre>
  <genre genreId="0x22">News Magazine</genre>
  <genre genreId="0x32">Documentary</genre>
  <genre genreId="0x42">Discussion / Interview / Debate</genre>

  <!-- SHOW -->
  <genre genreId="0x03">Show / Game Show</genre>
  <genre genreId="0x03">Episode / Series</genre>
  <genre genreId="0x03">Sitcom / Series</genre>
  <genre genreId="0x13">Game Show / Quiz / Contest</genre>
  <genre genreId="0x23">Variety Show</genre>
  <genre genreId="0x33">Talk Show</genre>

  <!-- SPORTS -->
  <genre genreId="0x04">Sports</genre>
  <genre genreId="0x14">Special Event</genre>
  <genre genreId="0x24">Sport Magazine</genre>
  <genre genreId="0x34">Football</genre>
  <genre genreId="0x44">Tennis / Squash</genre>
  <genre genreId="0x54">Team Sports</genre>
  <genre genreId="0x64">Athletics</genre>
  <genre genreId="0x74">Motor Sport</genre>
  <genre genreId="0x84">Water Sport</genre>
  <genre genreId="0x94">Winter Sports</genre>
  <genre genreId="0x4A">Equestrian</genre>
  <genre genreId="0x4B">Martial Sports</genre>

  <!-- CHILDREN / YOUTH -->
  <genre genreId="0x05">Children's / Youth Programmes</genre>
  <genre genreId="0x15">Pre-school Children's Programmes</genre>
  <genre genreId="0x25">Entertainment Programmes for 6 to 14</genre>
  <genre genreId="0x35">Entertainment Programmes for 10 to 16</genre>
  <genre genreId="0x45">Informational / Educational / School Programme</genre>
  <genre genreId="0x55">Cartoons / Puppets</genre>

  <!-- MUSIC / BALLET / DANCE -->
  <genre genreId="0x06">Music / Ballet / Dance</genre>
  <genre genreId="0x16">Rock / Pop</genre>
  <genre genreId="0x26">Serious / Classical Music</genre>
  <genre genreId="0x36">Folk / Traditional Music</genre>
  <genre genreId="0x46">Jazz</genre>
  <genre genreId="0x56">Musical / Opera</genre>
  <genre genreId="0x66">Ballet</genre>

  <!-- ARTS / CULTURE -->
  <genre genreId="0x07">Arts / Culture</genre>
  <genre genreId="0x17">Performing Arts</genre>
  <genre genreId="0x27">Fine Arts</genre>
  <genre genreId="0x37">Religion</genre>
  <genre genreId="0x47">Popular Culture / Traditional Arts</genre>
  <genre genreId="0x57">Literature</genre>
  <genre genreId="0x67">Film / Cinema</genre>
  <genre genreId="0x77">Experimental Film / Video</genre>
  <genre genreId="0x87">Broadcasting / Press</genre>
  <genre genreId="0x97">New Media</genre>
  <genre genreId="0x7A">Arts / Culture Magazines</genre>
  <genre genreId="0x7B">Fashion</genre>

  <!-- SOCIAL / POLITICAL / ECONOMICS -->
  <genre genreId="0x08">Social / Political / Economics</genre>
  <genre genreId="0x18">Magazines / Reports / Documentary</genre>
  <genre genreId="0x28">Economics / Social Advisory</genre>
  <genre genreId="0x38">Remarkable People</genre>

  <!-- EDUCATIONAL / SCIENCE -->
  <genre genreId="0x09">Education / Science / Factual</genre>
  <genre genreId="0x19">Nature / Animals / Environment</genre>
  <genre genreId="0x29">Technology / Natural Sciences</genre>
  <genre genreId="0x39">Medicine / Physiology / Psychology</genre>
  <genre genreId="0x49">Foreign Countries / Expeditions</genre>
  <genre genreId="0x59">Social / Spiritual Sciences</genre>
  <genre genreId="0x69">Further Education</genre>
  <genre genreId="0x79">Languages</genre>
</genres>
