<?xml version="1.0" encoding="UTF-8"?>
<window>
	<defaultcontrol>5</defaultcontrol>
	<include>Animation_DialogPopupOpenClose</include>
	<controls>
		<control type="group">
			<top>90</top>
			<centerleft>50%</centerleft>
			<width>1820</width>
			<include>Animation_DialogPopupVisible</include>
			<include content="DialogBackgroundCommons">
				<param name="width" value="1820" />
				<param name="height" value="900" />
				<param name="header_label" value="" />
				<param name="header_id" value="2" />
			</include>
			<control type="grouplist" id="3">
				<description>Left Side</description>
				<left>29</left>
				<top>80</top>
				<width>400</width>
				<height>596</height>
				<itemgap>-25</itemgap>
				<orientation>vertical</orientation>
				<onleft>9000</onleft>
				<onright>5</onright>
				<onup>20</onup>
				<ondown>20</ondown>
        <control type="group" id="3">
          <control type="button" id="10">
            <description>Logo Backgorund</description>
            <height>390</height>
            <width>390</width>
            <textoffsetx>20</textoffsetx>
            <align>center</align>
            <aligny>center</aligny>
            <font>font25_title</font>
            <texturenofocus border="40">buttons/dialogbutton-nofo.png</texturenofocus>
          </control>
          <control type="image" id="11">
            <description>Logo Image</description>
            <left>30</left>
            <top>30</top>
            <height>320</height>
            <width>320</width>
            <align>center</align>
            <aligny>center</aligny>
            <aspectratio>keep</aspectratio>
            <texture fallback="logo.png">$INFO[Container(5).ListItem.Art(icon)]</texture>
          </control>
        </control>
			</control>
      
			<control type="image">
				<left>410</left>
				<top>80</top>
				<width>1100</width>
				<height>740</height>
				<texture border="40">buttons/dialogbutton-nofo.png</texture>
			</control>
			<control type="list" id="5">
				<description>Channel List</description>
				<left>429</left>
				<top>100</top>
				<width>1060</width>
				<height>700</height>
				<pagecontrol>60</pagecontrol>
				<onleft>3</onleft>
				<onright>60</onright>
				<onup>5</onup>
				<ondown>5</ondown>
        <itemlayout width="1060" height="63">
          <control type="image">
            <width>1060</width>
            <height>63</height>
            <texture border="63">buttons/dialogbutton-nofo.png</texture>
          </control>
          <control type="label">
            <left>0</left>
            <top>0</top>
            <width>1060</width>
            <height>63</height>
            <aligny>center</aligny>
            <align>left</align>
            <font>font12</font>
            <textcolor>button_focus</textcolor>
            <textoffsetx>40</textoffsetx>
            <info>ListItem.Label</info>
          </control>
          <control type="label">
            <left>0</left>
            <top>0</top>
            <width>1060</width>
            <height>63</height>
            <aligny>center</aligny>
            <align>right</align>
            <font>font12</font>
            <textcolor>button_focus</textcolor>
            <textoffsetx>40</textoffsetx>
            <info>ListItem.Label2</info>
          </control>
        </itemlayout>
        <focusedlayout width="1060" height="63">
          <control type="image">
            <left>0</left>
            <top>0</top>
            <width>1060</width>
            <height>63</height>
            <textcolor>button_focus</textcolor>
            <texture border="63">buttons/dialogbutton-fo.png</texture>
          </control>
          <control type="label">
            <left>0</left>
            <top>0</top>
            <width>1060</width>
            <height>63</height>
            <aligny>center</aligny>
            <align>left</align>
            <font>font12</font>
            <textcolor>button_focus</textcolor>
            <textoffsetx>40</textoffsetx>
            <info>ListItem.Label</info>
          </control>
          <control type="label">
            <left>0</left>
            <top>0</top>
            <width>1060</width>
            <height>63</height>
            <aligny>center</aligny>
            <align>right</align>
            <font>fontt12</font>
            <textcolor>button_focus</textcolor>
            <textoffsetx>40</textoffsetx>
            <info>ListItem.Label2</info>
          </control>
        </focusedlayout>
			</control>
      
      
      
      
      
      
      
      
      
      
      
      
			<control type="textbox" id="6">
				<description>description area</description>
				<left>50</left>
				<top>815</top>
				<right>50</right>
				<height>70</height>
				<font>font12</font>
				<align>justify</align>
				<textcolor>button_focus</textcolor>
				<autoscroll time="3000" delay="5000" repeat="5000">true</autoscroll>
			</control>
			<control type="grouplist" id="9000">
        <description>buttons right</description>
				<left>1510</left>
				<top>92</top>
				<orientation>vertical</orientation>
				<width>300</width>
				<height>300</height>
				<itemgap>-10</itemgap>
				<onleft>5</onleft>
				<onright>3</onright>
				<include content="DefaultDialogButton">
					<param name="id" value="28" />
					<param name="label" value="" />
				</include>
				<include content="DefaultDialogButton">
					<param name="id" value="29" />
					<param name="label" value="" />
				</include>
				<include content="DefaultDialogButton">
					<param name="id" value="30" />
					<param name="label" value="" />
				</include>
			</control>
			<control type="scrollbar" id="60">
				<left>1489</left>
				<top>100</top>
				<width>12</width>
				<height>700</height>
				<orientation>vertical</orientation>
				<onleft>5</onleft>
				<onright>9000</onright>
				<animation effect="fade" start="0" end="100" delay="300" time="320">WindowOpen</animation>
				<animation effect="fade" start="100" end="0" time="150">WindowClose</animation>
			</control>
		</control>
	</controls>
</window>
